{
  "snr_db": 25.0,
  "rsi_scale": 40609.0,
  "SINR_pre": -40.00005259587923,
  "SINR_analog": 10.066074642510392,
  "Supp_analog": 50.066127238389626,
  "noise_var": 0.0031622776454887165,
  "P_main": 0.9999999953578831,
  "amp_scale": 1.0,
  "analog_sic_info": {
    "mode": "realistic_asic_postpa",
    "ASIC_L": 9,
    "ASIC_P": 7,
    "ASIC_P_use": 7,
    "ASIC_NSYM": 1700,
    "BO_DB": 0.0,
    "enable_pa_nonlinearity": true,
    "AUX_DISABLE_IQPA": false,
    "ASIC_FORCE_LINEAR_WHEN_PA_OFF": true,
    "h_aux_flat_mag_db": -1.5655928715096468,
    "g_err": 0.9994910874564961,
    "p_err_rad": 0.004526581807973919,
    "EST_SNR_DB": 100.0,
    "alpha_real": 1.2865228784469322,
    "alpha_imag": 2.0223157893362504,
    "safety_flip": false,
    "P_rsi_before": 10000.117898521437,
    "P_rsi_after": 0.0953278122244543,
    "analog_supp_db": 50.207854941696525,
    "actual_suppression_db": 50.207854941696525,
    "est_noise_var": 1.31044670109234e-06,
    "P_main": 0.9999999953578831,
    "noise_var": 0.0031622776454887165,
    "SINR_pre_db": -40.00005259587923,
    "SINR_analog_db": 10.066074642510392
  }
}