{
  "backend": "MP",
  "metric_mode": "symbol_fidelity",
  "SINR_analog": 10.066074642510392,
  "reference_power": 1.000000000001,
  "mse_clean": 0.08498434722423553,
  "nmse_clean_db": -10.706610571066044,
  "symbol_sinr_clean_db": 10.706610571066044,
  "corr_clean_abs": 0.9599533805337301,
  "corr_clean_angle_rad": -0.0006863432330721388,
  "mse_noisy": 0.09532781690359116,
  "nmse_noisy_db": -10.207803526112079,
  "symbol_sinr_noisy_db": 10.207803526112079,
  "corr_noisy_abs": 0.955409868289141,
  "corr_noisy_angle_rad": 0.0017659915073622622,
  "mse_gain_db": 0.49880704495396677,
  "symbol_gain_db": 0.4988070449539652,
  "relative_mse_improvement_pct": 10.850421225640657,
  "SINR_after_digital": 10.706610571066044,
  "snr_db": 25.0,
  "Supp_analog": 50.066127238389626,
  "Digital_gain": 0.48186817257602144,
  "Digital_gain_physics": 0.48186817257602144,
  "Digital_supp_si": 0.49880653475460174,
  "SINR_after_digital_physics": 10.547942815086413,
  "Total_supp_SI_only": 50.564933773144226,
  "params": {
    "L": 5,
    "lambda": 0.01,
    "poly_orders": [
      1,
      3,
      5
    ],
    "fit_target": "si_oracle",
    "fit_window": "legacy",
    "fit_prefix_samples": 6655
  },
  "pilot_correction": null,
  "reference_mode": null,
  "reference_info": null
}