{
  "snr_db": 25.0,
  "rsi_scale": 4060852.0,
  "SINR_pre": -59.99999990218511,
  "SINR_analog": -9.793585395143355,
  "Supp_analog": 50.20641450704176,
  "noise_var": 0.0031622776454887165,
  "P_main": 0.9999999953578831,
  "amp_scale": 1.0,
  "analog_sic_info": {
    "mode": "realistic_asic_postpa",
    "ASIC_L": 9,
    "ASIC_P": 7,
    "ASIC_P_use": 7,
    "ASIC_NSYM": 1700,
    "BO_DB": 0.0,
    "enable_pa_nonlinearity": true,
    "AUX_DISABLE_IQPA": false,
    "ASIC_FORCE_LINEAR_WHEN_PA_OFF": true,
    "h_aux_flat_mag_db": -1.5655928715096468,
    "g_err": 0.9994910874564961,
    "p_err_rad": 0.004526581807973919,
    "EST_SNR_DB": 100.0,
    "alpha_real": 1.2865228784469338,
    "alpha_imag": 2.022315789336255,
    "safety_flip": false,
    "P_rsi_before": 999999.9696728945,
    "P_rsi_after": 9.532668543934314,
    "analog_supp_db": 50.20785494199575,
    "actual_suppression_db": 50.20785494199575,
    "est_noise_var": 0.00013104312115600562,
    "P_main": 0.9999999953578831,
    "noise_var": 0.0031622776454887165,
    "SINR_pre_db": -59.99999990218511,
    "SINR_analog_db": -9.793585395143355
  }
}