{
  "snr_db": 25.0,
  "rsi_scale": 31231.0,
  "SINR_pre": -40.00007036133787,
  "SINR_analog": 14.121057372523826,
  "Supp_analog": 54.1211277338617,
  "noise_var": 0.0031622776454887165,
  "P_main": 0.9999999953578831,
  "amp_scale": 1.0,
  "analog_sic_info": {
    "mode": "realistic_asic_postpa",
    "ASIC_L": 9,
    "ASIC_P": 7,
    "ASIC_P_use": 7,
    "ASIC_NSYM": 1700,
    "BO_DB": 0.0,
    "enable_pa_nonlinearity": true,
    "AUX_DISABLE_IQPA": false,
    "ASIC_FORCE_LINEAR_WHEN_PA_OFF": true,
    "h_aux_flat_mag_db": -4.041496174045471,
    "g_err": 0.9834384782126355,
    "p_err_rad": -0.0003951443139892671,
    "EST_SNR_DB": 100.0,
    "alpha_real": -1.624463216471817,
    "alpha_imag": 2.801554095823838,
    "safety_flip": false,
    "P_rsi_before": 10000.15880558054,
    "P_rsi_after": 0.035554059290658184,
    "analog_supp_db": 54.49117704463877,
    "actual_suppression_db": 54.49117704463877,
    "est_noise_var": 1.3166044738240894e-06,
    "P_main": 0.9999999953578831,
    "noise_var": 0.0031622776454887165,
    "SINR_pre_db": -40.00007036133787,
    "SINR_analog_db": 14.121057372523826
  }
}