{
  "backend": "Diffusion",
  "metric_mode": "symbol_fidelity",
  "SINR_analog": 10.066074642510392,
  "reference_power": 1.000000000001,
  "mse_clean": 0.07801052182912827,
  "nmse_clean_db": -11.078468169951947,
  "symbol_sinr_clean_db": 11.078468169951947,
  "corr_clean_abs": 0.9627867731041844,
  "corr_clean_angle_rad": 0.0025518533254597652,
  "mse_noisy": 0.09532781690359116,
  "nmse_noisy_db": -10.207803526112079,
  "symbol_sinr_noisy_db": 10.207803526112079,
  "corr_noisy_abs": 0.955409868289141,
  "corr_noisy_angle_rad": 0.0017659915073622622,
  "mse_gain_db": 0.8706646438398689,
  "symbol_gain_db": 0.8706646438398682,
  "relative_mse_improvement_pct": 18.166046005013314,
  "SINR_after_digital": 11.078468169951947,
  "SINR_after_digital_physics": null
}