{
  "backend": "Diffusion",
  "metric_mode": "symbol_fidelity",
  "SINR_analog": 3.5182947674352243,
  "reference_power": 1.000000000001,
  "mse_clean": 0.24044892191886902,
  "nmse_clean_db": -6.189771657954575,
  "symbol_sinr_clean_db": 6.189771657954575,
  "corr_clean_abs": 0.8949012128251429,
  "corr_clean_angle_rad": -0.005740334767047667,
  "mse_noisy": 0.441643625497818,
  "nmse_noisy_db": -3.549280336093934,
  "symbol_sinr_noisy_db": 3.549280336093934,
  "corr_noisy_abs": 0.8307690029179116,
  "corr_noisy_angle_rad": -0.005159139794768299,
  "mse_gain_db": 2.6404913218606403,
  "symbol_gain_db": 2.6404913218606407,
  "relative_mse_improvement_pct": 45.55589438242384,
  "SINR_after_digital": 6.189771657954575,
  "SINR_after_digital_physics": null
}