{
  "backend": "MP",
  "metric_mode": "symbol_fidelity",
  "SINR_analog": 5.162547723396376,
  "reference_power": 1.000000000001,
  "mse_clean": 0.26874008774757385,
  "nmse_clean_db": -5.706675453673903,
  "symbol_sinr_clean_db": 5.706675453673903,
  "corr_clean_abs": 0.8874208794515557,
  "corr_clean_angle_rad": -0.001221587407588868,
  "mse_noisy": 0.3014484643936157,
  "nmse_noisy_db": -5.207869241287174,
  "symbol_sinr_noisy_db": 5.207869241287174,
  "corr_noisy_abs": 0.8762014083847603,
  "corr_noisy_angle_rad": 0.0031428943575718565,
  "mse_gain_db": 0.4988062123867286,
  "symbol_gain_db": 0.49880621238672873,
  "relative_mse_improvement_pct": 10.850404135157401,
  "SINR_after_digital": 5.706675453673903,
  "snr_db": 25.0,
  "Supp_analog": 50.162533990450385,
  "Digital_gain": 0.4933226061538667,
  "Digital_gain_physics": 0.4933226061538667,
  "Digital_supp_si": 0.49880653346759607,
  "SINR_after_digital_physics": 5.655870329550242,
  "Total_supp_SI_only": 50.66134052391798,
  "params": {
    "L": 5,
    "lambda": 0.01,
    "poly_orders": [
      1,
      3,
      5
    ],
    "fit_target": "si_oracle",
    "fit_window": "legacy",
    "fit_prefix_samples": 6655
  },
  "pilot_correction": null,
  "reference_mode": null,
  "reference_info": null
}