{
  "backend": "None",
  "metric_mode": "symbol_fidelity",
  "SINR_analog": 8.452051383543079,
  "reference_power": 1.000000000001,
  "mse_clean": 0.13965964317321777,
  "nmse_clean_db": -8.549290719025313,
  "symbol_sinr_clean_db": 8.549290719025313,
  "corr_clean_abs": 0.9362032518098022,
  "corr_clean_angle_rad": -0.0028907225282195515,
  "mse_noisy": 0.13965964317321777,
  "nmse_noisy_db": -8.549290719025313,
  "symbol_sinr_noisy_db": 8.549290719025313,
  "corr_noisy_abs": 0.9362032518098022,
  "corr_noisy_angle_rad": -0.0028907225282195515,
  "mse_gain_db": 0.0,
  "symbol_gain_db": 0.0,
  "relative_mse_improvement_pct": 0.0,
  "SINR_after_digital": 8.549290719025313,
  "SINR_after_digital_physics": 8.452051383543079
}