{
  "backend": "None",
  "metric_mode": "symbol_fidelity",
  "SINR_analog": 10.201798483523707,
  "reference_power": 1.000000000001,
  "mse_clean": 0.09229742735624313,
  "nmse_clean_db": -10.348104040683946,
  "symbol_sinr_clean_db": 10.348104040683946,
  "corr_clean_abs": 0.9566905949220208,
  "corr_clean_angle_rad": 0.012211860998547104,
  "mse_noisy": 0.09229742735624313,
  "nmse_noisy_db": -10.348104040683946,
  "symbol_sinr_noisy_db": 10.348104040683946,
  "corr_noisy_abs": 0.9566905949220208,
  "corr_noisy_angle_rad": 0.012211860998547104,
  "mse_gain_db": 0.0,
  "symbol_gain_db": 0.0,
  "relative_mse_improvement_pct": 0.0,
  "SINR_after_digital": 10.348104040683946,
  "SINR_after_digital_physics": 10.201798483523707
}