{
  "backend": "MP",
  "metric_mode": "symbol_fidelity",
  "SINR_analog": 21.7278781460209,
  "reference_power": 1.000000000001,
  "mse_clean": 0.0031154726166278124,
  "nmse_clean_db": -25.06476061474894,
  "symbol_sinr_clean_db": 25.06476061474894,
  "corr_clean_abs": 0.9984468768957258,
  "corr_clean_angle_rad": 0.0003764265643753899,
  "mse_noisy": 0.0035552920307964087,
  "nmse_noisy_db": -24.49124720507866,
  "symbol_sinr_noisy_db": 24.49124720507866,
  "corr_noisy_abs": 0.9982283067805652,
  "corr_noisy_angle_rad": 0.001289874855035654,
  "mse_gain_db": 0.5735134096702816,
  "symbol_gain_db": 0.5735134096702801,
  "relative_mse_improvement_pct": 12.370837901222012,
  "SINR_after_digital": 25.06476061474894,
  "snr_db": 25.0,
  "Supp_analog": 51.72782180681003,
  "Digital_gain": 0.294081623984102,
  "Digital_gain_physics": 0.294081623984102,
  "Digital_supp_si": 0.5735137581523199,
  "SINR_after_digital_physics": 22.021959770005,
  "Total_supp_SI_only": 52.30133556496235,
  "params": {
    "L": 5,
    "lambda": 0.01,
    "poly_orders": [
      1,
      3,
      5
    ],
    "fit_target": "si_oracle",
    "fit_window": "legacy",
    "fit_prefix_samples": 6655
  },
  "pilot_correction": null,
  "reference_mode": null,
  "reference_info": null
}