{
  "rsi_scale": 3123,
  "run_tag": "precomp_digital",
  "local_img": "data/kodak/kodim01.png",
  "remote_img": "data/kodak/kodim24.png",
  "time_sec": 25.066751718521118,
  "sinr_pre": -29.999943660789125,
  "sinr_after_analog": 21.7278781460209,
  "sinr_after_digital": 25.06476061474894,
  "psnr": 34.97557370947078,
  "ms_ssim": 0.9759755730628967,
  "true_ms_ssim": 0.9938071370124817,
  "true_ms_ssim_db": 22.081085283261274,
  "ssim_proxy_db": 16.19346962911117,
  "protocol": "wint_0506_realistic_default",
  "target_sinr_pre": -30,
  "derived_rsi_scale": 3123
}