{
  "backend": "MP",
  "metric_mode": "symbol_fidelity",
  "SINR_analog": 15.838322943019119,
  "reference_power": 1.0000001192102896,
  "mse_clean": 0.009156468324363232,
  "nmse_clean_db": -20.382720543671205,
  "symbol_sinr_clean_db": 20.382720543671205,
  "corr_clean_abs": 0.9955639837422947,
  "corr_clean_angle_rad": -0.0075458584270086055,
  "mse_noisy": 0.02290932461619377,
  "nmse_noisy_db": -16.39987765697741,
  "symbol_sinr_noisy_db": 16.39987765697741,
  "corr_noisy_abs": 0.9895277493533385,
  "corr_noisy_angle_rad": -0.03152086092334333,
  "mse_gain_db": 3.9828428866937986,
  "symbol_gain_db": 3.9828428866937955,
  "relative_mse_improvement_pct": 60.031696794364805,
  "SINR_after_digital": 20.382720543671205,
  "snr_db": 25.0,
  "Supp_analog": 49.43845160914337,
  "Digital_gain": 3.2560124582165315,
  "Digital_gain_physics": 3.2560124582165315,
  "Digital_supp_si": 3.9828432383847048,
  "SINR_after_digital_physics": 19.09433540123565,
  "Total_supp_SI_only": 53.421294847528074,
  "params": {
    "L": 3,
    "lambda": 1.0,
    "poly_orders": [
      1
    ],
    "fit_target": "si_oracle",
    "fit_window": "legacy",
    "fit_prefix_samples": 6655
  },
  "pilot_correction": null,
  "reference_mode": null,
  "reference_info": null
}