{
  "rsi_scale": 14295,
  "run_tag": "trackb_ref_q3_midmid_crop",
  "local_img": "data/kodak/kodim12.png",
  "remote_img": "data/cat/cat6_center_square.png",
  "time_sec": 25.09086036682129,
  "sinr_pre": -33.60012866612425,
  "sinr_after_analog": 15.838322943019119,
  "sinr_after_digital": 20.382720543671205,
  "psnr": 35.4027302654709,
  "ms_ssim": 0.9705192446708679,
  "true_ms_ssim": 0.987198531627655,
  "true_ms_ssim_db": 18.92740212427767,
  "ssim_proxy_db": 15.304613935717468,
  "protocol": "wsq_0506_cat6_resize128_square_remote",
  "target_sinr_pre": -35,
  "derived_rsi_scale": 14295
}