{
  "rsi_scale": 31231,
  "run_tag": "trackb_ref_q3_midmid_crop",
  "local_img": "data/kodak/kodim01.png",
  "remote_img": "data/kodak/kodim24.png",
  "time_sec": 24.95991849899292,
  "sinr_pre": -39.61486386553714,
  "sinr_after_analog": 10.23760083790393,
  "sinr_after_digital": 15.994304277232319,
  "psnr": 30.967824772115552,
  "ms_ssim": 0.9515241980552673,
  "true_ms_ssim": 0.9763672947883606,
  "true_ms_ssim_db": 16.26486562276121,
  "ssim_proxy_db": 13.144749975707352,
  "protocol": "wint_0506_realistic_default",
  "target_sinr_pre": -40,
  "derived_rsi_scale": 31231
}