{
  "rsi_scale": 3123050,
  "run_tag": "precomp_digital",
  "local_img": "data/kodak/kodim01.png",
  "remote_img": "data/kodak/kodim24.png",
  "time_sec": 24.579471349716187,
  "sinr_pre": -59.99999947178621,
  "sinr_after_analog": -5.51268349544261,
  "sinr_after_digital": -4.935308427186397,
  "psnr": 14.152434711450116,
  "ms_ssim": 0.313525527715683,
  "true_ms_ssim": 0.6257068514823914,
  "true_ms_ssim_db": 4.267881226270402,
  "ssim_proxy_db": 1.6337560810266694,
  "protocol": "wint_0506_realistic_default",
  "target_sinr_pre": -60,
  "derived_rsi_scale": 3123050
}