{
  "backend": "MP",
  "metric_mode": "symbol_fidelity",
  "SINR_analog": 0.19347415266868365,
  "reference_power": 1.000000000001,
  "mse_clean": 0.8498331308364868,
  "nmse_clean_db": -0.7066634189949322,
  "symbol_sinr_clean_db": 0.7066634189949322,
  "corr_clean_abs": 0.7340430026687433,
  "corr_clean_angle_rad": -0.0021757492685661613,
  "mse_noisy": 0.9532663822174072,
  "nmse_noisy_db": -0.20785722487449076,
  "symbol_sinr_noisy_db": 0.2078572248744906,
  "corr_noisy_abs": 0.7143846802680119,
  "corr_noisy_angle_rad": 0.005596938793797552,
  "mse_gain_db": 0.49880619412044136,
  "symbol_gain_db": 0.49880619412044164,
  "relative_mse_improvement_pct": 10.850403760197047,
  "SINR_after_digital": 0.7066634189949322,
  "snr_db": 25.0,
  "Supp_analog": 50.19347203952289,
  "Digital_gain": 0.4970592196888952,
  "Digital_gain_physics": 0.4970592196888952,
  "Digital_supp_si": 0.49880653462936153,
  "SINR_after_digital_physics": 0.6905333723575788,
  "Total_supp_SI_only": 50.69227857415225,
  "params": {
    "L": 5,
    "lambda": 0.01,
    "poly_orders": [
      1,
      3,
      5
    ],
    "fit_target": "si_oracle",
    "fit_window": "legacy",
    "fit_prefix_samples": 6655
  },
  "pilot_correction": null,
  "reference_mode": null,
  "reference_info": null
}