{
  "backend": "MP",
  "metric_mode": "symbol_fidelity",
  "SINR_analog": 13.248965235708711,
  "reference_power": 1.000000000001,
  "mse_clean": 0.0388958565890789,
  "nmse_clean_db": -14.10096659752436,
  "symbol_sinr_clean_db": 14.10096659752436,
  "corr_clean_abs": 0.9810470325103274,
  "corr_clean_angle_rad": 0.000944119602765114,
  "mse_noisy": 0.04416412115097046,
  "nmse_noisy_db": -13.549304074253234,
  "symbol_sinr_noisy_db": 13.549304074253234,
  "corr_noisy_abs": 0.9785196320995895,
  "corr_noisy_angle_rad": -0.0016222688386687,
  "mse_gain_db": 0.5516625232711267,
  "symbol_gain_db": 0.5516625232711263,
  "relative_mse_improvement_pct": 11.928833687787543,
  "SINR_after_digital": 14.10096659752436,
  "snr_db": 25.0,
  "Supp_analog": 53.248942017996285,
  "Digital_gain": 0.5125348824984268,
  "Digital_gain_physics": 0.5125348824984268,
  "Digital_supp_si": 0.5516628682756487,
  "SINR_after_digital_physics": 13.761500118207138,
  "Total_supp_SI_only": 53.800604886271934,
  "params": {
    "L": 5,
    "lambda": 0.01,
    "poly_orders": [
      1,
      3,
      5
    ],
    "fit_target": "si_oracle",
    "fit_window": "legacy",
    "fit_prefix_samples": 6655
  },
  "pilot_correction": null,
  "reference_mode": null,
  "reference_info": null
}