{
  "rsi_scale": 37181,
  "run_tag": "precomp_digital",
  "local_img": "data/kodak/kodim01.png",
  "remote_img": "data/kodak/kodim24.png",
  "time_sec": 24.688963890075684,
  "sinr_pre": -39.999976782287575,
  "sinr_after_analog": 13.248965235708711,
  "sinr_after_digital": 14.10096659752436,
  "psnr": 32.69367058418108,
  "ms_ssim": 0.9556573033332825,
  "true_ms_ssim": 0.9882473945617676,
  "true_ms_ssim_db": 19.29865843859164,
  "ssim_proxy_db": 13.531778991362122,
  "protocol": "wint_0506_realistic_default",
  "target_sinr_pre": -40,
  "derived_rsi_scale": 37181
}