{
  "backend": "MP",
  "metric_mode": "symbol_fidelity",
  "SINR_analog": 11.214304925582304,
  "reference_power": 1.0000001192102896,
  "mse_clean": 0.028955448418855667,
  "nmse_clean_db": -15.382697567302818,
  "symbol_sinr_clean_db": 15.382697567302818,
  "corr_clean_abs": 0.9863125452370279,
  "corr_clean_angle_rad": -0.013348379489890509,
  "mse_noisy": 0.07244603335857391,
  "nmse_noisy_db": -11.399854402569702,
  "symbol_sinr_noisy_db": 11.399854402569702,
  "corr_noisy_abs": 0.9685385216796549,
  "corr_noisy_angle_rad": -0.05554263502664337,
  "mse_gain_db": 3.982843164733115,
  "symbol_gain_db": 3.982843164733117,
  "relative_mse_improvement_pct": 60.03169935317219,
  "SINR_after_digital": 15.382697567302818,
  "snr_db": 25.0,
  "Supp_analog": 49.81445263150146,
  "Digital_gain": 3.7182475545670677,
  "Digital_gain_physics": 3.7182475545670677,
  "Digital_supp_si": 3.9828432797849094,
  "SINR_after_digital_physics": 14.932552480149372,
  "Total_supp_SI_only": 53.79729591128637,
  "params": {
    "L": 3,
    "lambda": 1.0,
    "poly_orders": [
      1
    ],
    "fit_target": "si_oracle",
    "fit_window": "legacy",
    "fit_prefix_samples": 6655
  },
  "pilot_correction": null,
  "reference_mode": null,
  "reference_info": null
}