{
  "backend": "None",
  "metric_mode": "symbol_fidelity",
  "SINR_analog": -1.4605427576275634,
  "reference_power": 1.000000000001,
  "mse_clean": 1.3965998888015747,
  "nmse_clean_db": 1.4507200312555957,
  "symbol_sinr_clean_db": -1.4507200312555963,
  "corr_clean_abs": 0.6404461447459114,
  "corr_clean_angle_rad": -0.00923393978874605,
  "mse_noisy": 1.3965998888015747,
  "nmse_noisy_db": 1.4507200312555957,
  "symbol_sinr_noisy_db": -1.4507200312555963,
  "corr_noisy_abs": 0.6404461447459114,
  "corr_noisy_angle_rad": -0.00923393978874605,
  "mse_gain_db": 0.0,
  "symbol_gain_db": 0.0,
  "relative_mse_improvement_pct": 0.0,
  "SINR_after_digital": -1.4507200312555963,
  "SINR_after_digital_physics": -1.4605427576275634
}