{
  "snr_db": 25.0,
  "rsi_scale": 4520515.0,
  "SINR_pre": -58.600160239985456,
  "SINR_analog": -8.602055501648184,
  "Supp_analog": 49.998104738337275,
  "noise_var": 0.0031622780446326397,
  "P_main": 1.0000001215782743,
  "amp_scale": 1.0,
  "analog_mode": "toy_50dB",
  "toy_sic_db": 50.0,
  "analog_sic_info": {
    "mode": "toy_kmatch",
    "ASIC_L": 9,
    "ASIC_P": 7,
    "ASIC_P_use": 7,
    "ASIC_NSYM": 1700,
    "BO_DB": 0.0,
    "enable_pa_nonlinearity": true,
    "AUX_DISABLE_IQPA": false,
    "ASIC_FORCE_LINEAR_WHEN_PA_OFF": true,
    "k_amp": 0.0031622776601683794,
    "P_rsi_before": 724462.7747232147,
    "P_rsi_after": 7.244627747232147,
    "analog_supp_db": 50.0,
    "actual_suppression_db": 50.0,
    "P_main": 1.0000001215782743,
    "noise_var": 0.0031622780446326397,
    "SINR_pre_db": -58.600160239985456,
    "SINR_analog_db": -8.602055501648184
  }
}