{
  "backend": "None",
  "metric_mode": "symbol_fidelity",
  "SINR_analog": -0.88477698135552,
  "reference_power": 1.000000000001,
  "mse_clean": 1.222801685333252,
  "nmse_clean_db": 0.8735602862274539,
  "symbol_sinr_clean_db": -0.8735602862274539,
  "corr_clean_abs": 0.668048924186114,
  "corr_clean_angle_rad": 0.04471651667991623,
  "mse_noisy": 1.222801685333252,
  "nmse_noisy_db": 0.8735602862274539,
  "symbol_sinr_noisy_db": -0.8735602862274539,
  "corr_noisy_abs": 0.668048924186114,
  "corr_noisy_angle_rad": 0.04471651667991623,
  "mse_gain_db": 0.0,
  "symbol_gain_db": 0.0,
  "relative_mse_improvement_pct": 0.0,
  "SINR_after_digital": -0.8735602862274539,
  "SINR_after_digital_physics": -0.88477698135552
}