{
  "backend": "MP",
  "metric_mode": "symbol_fidelity",
  "SINR_analog": 19.09623521690902,
  "reference_power": 1.0000001192102896,
  "mse_clean": 0.002515102969482541,
  "nmse_clean_db": -25.99444281626611,
  "symbol_sinr_clean_db": 25.99444281626611,
  "corr_clean_abs": 0.9987430593323832,
  "corr_clean_angle_rad": -0.0016103055135257879,
  "mse_noisy": 0.009151079691946507,
  "nmse_noisy_db": -20.385277143155562,
  "symbol_sinr_noisy_db": 20.385277143155562,
  "corr_noisy_abs": 0.995609715177103,
  "corr_noisy_angle_rad": -0.011415303037600773,
  "mse_gain_db": 5.609165673110546,
  "symbol_gain_db": 5.609165673110546,
  "relative_mse_improvement_pct": 72.51577895861688,
  "SINR_after_digital": 25.99444281626611,
  "snr_db": 25.0,
  "Supp_analog": 48.71097352832311,
  "Digital_gain": 3.362285042520835,
  "Digital_gain_physics": 3.362285042520835,
  "Digital_supp_si": 5.6091664534520405,
  "SINR_after_digital_physics": 22.458520259429854,
  "Total_supp_SI_only": 54.32013998177515,
  "params": {
    "L": 3,
    "lambda": 1.0,
    "poly_orders": [
      1
    ],
    "fit_target": "si_oracle",
    "fit_window": "legacy",
    "fit_prefix_samples": 6655
  },
  "pilot_correction": null,
  "reference_mode": null,
  "reference_info": null
}