{
  "snr_db": 25.0,
  "rsi_scale": 128415.0,
  "SINR_pre": -44.99998626705401,
  "SINR_analog": 5.162547723396376,
  "Supp_analog": 50.162533990450385,
  "noise_var": 0.0031622776454887165,
  "P_main": 0.9999999953578831,
  "amp_scale": 1.0,
  "analog_sic_info": {
    "mode": "realistic_asic_postpa",
    "ASIC_L": 9,
    "ASIC_P": 7,
    "ASIC_P_use": 7,
    "ASIC_NSYM": 1700,
    "BO_DB": 0.0,
    "enable_pa_nonlinearity": true,
    "AUX_DISABLE_IQPA": false,
    "ASIC_FORCE_LINEAR_WHEN_PA_OFF": true,
    "h_aux_flat_mag_db": -1.5655928715096468,
    "g_err": 0.9994910874564961,
    "p_err_rad": 0.004526581807973919,
    "EST_SNR_DB": 100.0,
    "alpha_real": 1.2865228784469327,
    "alpha_imag": 2.0223157893362522,
    "safety_flip": false,
    "P_rsi_before": 31622.673297511148,
    "P_rsi_after": 0.30144847215314985,
    "analog_supp_db": 50.207854942099566,
    "actual_suppression_db": 50.207854942099566,
    "est_noise_var": 4.143933933876059e-06,
    "P_main": 0.9999999953578831,
    "noise_var": 0.0031622776454887165,
    "SINR_pre_db": -44.99998626705401,
    "SINR_analog_db": 5.162547723396376
  }
}