{
  "backend": "None",
  "metric_mode": "symbol_fidelity",
  "SINR_analog": 5.162547723396376,
  "reference_power": 1.000000000001,
  "mse_clean": 0.3014484643936157,
  "nmse_clean_db": -5.207869241287174,
  "symbol_sinr_clean_db": 5.207869241287174,
  "corr_clean_abs": 0.8762014083847603,
  "corr_clean_angle_rad": 0.0031428943575718565,
  "mse_noisy": 0.3014484643936157,
  "nmse_noisy_db": -5.207869241287174,
  "symbol_sinr_noisy_db": 5.207869241287174,
  "corr_noisy_abs": 0.8762014083847603,
  "corr_noisy_angle_rad": 0.0031428943575718565,
  "mse_gain_db": 0.0,
  "symbol_gain_db": 0.0,
  "relative_mse_improvement_pct": 0.0,
  "SINR_after_digital": 5.207869241287174,
  "SINR_after_digital_physics": 5.162547723396376
}