{
  "snr_db": 25.0,
  "rsi_scale": 371812.0,
  "SINR_pre": -49.999998907290895,
  "SINR_analog": 3.5182947674352243,
  "Supp_analog": 53.51829367472612,
  "noise_var": 0.0031622776454887165,
  "P_main": 0.9999999953578831,
  "amp_scale": 1.0,
  "analog_sic_info": {
    "mode": "realistic_asic_postpa",
    "ASIC_L": 9,
    "ASIC_P": 7,
    "ASIC_P_use": 7,
    "ASIC_NSYM": 1700,
    "BO_DB": 0.0,
    "enable_pa_nonlinearity": true,
    "AUX_DISABLE_IQPA": false,
    "ASIC_FORCE_LINEAR_WHEN_PA_OFF": true,
    "h_aux_flat_mag_db": -3.0739966527562164,
    "g_err": 0.9878273819973605,
    "p_err_rad": 0.02826491164994478,
    "EST_SNR_DB": 100.0,
    "alpha_real": -2.637536589881578,
    "alpha_imag": 1.1696730540122273,
    "safety_flip": false,
    "P_rsi_before": 99999.97121295692,
    "P_rsi_after": 0.4416436039740641,
    "analog_supp_db": 53.5492792975454,
    "actual_suppression_db": 53.5492792975454,
    "est_noise_var": 1.3116588596268152e-05,
    "P_main": 0.9999999953578831,
    "noise_var": 0.0031622776454887165,
    "SINR_pre_db": -49.999998907290895,
    "SINR_analog_db": 3.5182947674352243
  }
}