{
  "backend": "Diffusion",
  "metric_mode": "symbol_fidelity",
  "SINR_analog": 9.370690636186453,
  "reference_power": 1.000000000001,
  "mse_clean": 0.05001786723732948,
  "nmse_clean_db": -13.008748305266572,
  "symbol_sinr_clean_db": 13.008748305266572,
  "corr_clean_abs": 0.9757915302231939,
  "corr_clean_angle_rad": 0.00427311679644362,
  "mse_noisy": 0.11243055760860443,
  "nmse_noisy_db": -9.49115635408406,
  "symbol_sinr_noisy_db": 9.49115635408406,
  "corr_noisy_abs": 0.9482048318194055,
  "corr_noisy_angle_rad": 0.007249667655403498,
  "mse_gain_db": 3.517591951182511,
  "symbol_gain_db": 3.517591951182512,
  "relative_mse_improvement_pct": 55.51221278114813,
  "SINR_after_digital": 13.008748305266572,
  "SINR_after_digital_physics": null
}