{
  "snr_db": 25.0,
  "rsi_scale": 11758.0,
  "SINR_pre": -35.00010364887747,
  "SINR_analog": 17.662781817557622,
  "Supp_analog": 52.66288546643509,
  "noise_var": 0.0031622776454887165,
  "P_main": 0.9999999953578831,
  "amp_scale": 1.0,
  "analog_sic_info": {
    "mode": "realistic_asic_postpa",
    "ASIC_L": 9,
    "ASIC_P": 7,
    "ASIC_P_use": 7,
    "ASIC_NSYM": 1700,
    "BO_DB": 0.0,
    "enable_pa_nonlinearity": true,
    "AUX_DISABLE_IQPA": false,
    "ASIC_FORCE_LINEAR_WHEN_PA_OFF": true,
    "h_aux_flat_mag_db": -3.0739966527562164,
    "g_err": 0.9878273819973605,
    "p_err_rad": 0.02826491164994478,
    "EST_SNR_DB": 100.0,
    "alpha_real": -2.6375365898815795,
    "alpha_imag": 1.1696730540122273,
    "safety_flip": false,
    "P_rsi_before": 3162.3499551438567,
    "P_rsi_after": 0.013966320331882326,
    "analog_supp_db": 53.54927929778728,
    "actual_suppression_db": 53.54927929778728,
    "est_noise_var": 4.147925529970011e-07,
    "P_main": 0.9999999953578831,
    "noise_var": 0.0031622776454887165,
    "SINR_pre_db": -35.00010364887747,
    "SINR_analog_db": 17.662781817557622
  }
}