{
  "backend": "Diffusion",
  "metric_mode": "symbol_fidelity",
  "SINR_analog": 17.662781817557622,
  "reference_power": 1.000000000001,
  "mse_clean": 0.019225770607590675,
  "nmse_clean_db": -17.16116243758797,
  "symbol_sinr_clean_db": 17.16116243758797,
  "corr_clean_abs": 0.9904511303177874,
  "corr_clean_angle_rad": -0.0008390449206688177,
  "mse_noisy": 0.013966321013867855,
  "nmse_noisy_db": -18.54917979954221,
  "symbol_sinr_noisy_db": 18.54917979954221,
  "corr_noisy_abs": 0.9930705474177689,
  "corr_noisy_angle_rad": -0.0009112125640904494,
  "mse_gain_db": -1.3880173619542393,
  "symbol_gain_db": -1.3880173619542404,
  "relative_mse_improvement_pct": -37.65808897077383,
  "SINR_after_digital": 17.16116243758797,
  "SINR_after_digital_physics": null
}