{
  "rsi_scale": 11758,
  "run_tag": "precomp_diffusion",
  "local_img": "data/kodak/kodim01.png",
  "remote_img": "data/kodak/kodim24.png",
  "time_sec": 33.27017903327942,
  "sinr_pre": -35.00010364887747,
  "sinr_after_analog": 17.662781817557622,
  "sinr_after_digital": 17.16116243758797,
  "psnr": 33.84669056483273,
  "ms_ssim": 0.9674146771430969,
  "true_ms_ssim": 0.9913666248321533,
  "true_ms_ssim_db": 20.638193861842467,
  "ssim_proxy_db": 14.86977971637023,
  "protocol": "wint_0506_realistic_default",
  "target_sinr_pre": -35,
  "derived_rsi_scale": 11758
}