{
  "backend": "None",
  "metric_mode": "symbol_fidelity",
  "SINR_analog": -5.51268349544261,
  "reference_power": 1.000000000001,
  "mse_clean": 3.555349111557007,
  "nmse_clean_db": 5.508822519788596,
  "symbol_sinr_clean_db": -5.508822519788596,
  "corr_clean_abs": 0.4701958295348244,
  "corr_clean_angle_rad": 0.04062945148052397,
  "mse_noisy": 3.555349111557007,
  "nmse_noisy_db": 5.508822519788596,
  "symbol_sinr_noisy_db": -5.508822519788596,
  "corr_noisy_abs": 0.4701958295348244,
  "corr_noisy_angle_rad": 0.04062945148052397,
  "mse_gain_db": 0.0,
  "symbol_gain_db": 0.0,
  "relative_mse_improvement_pct": 0.0,
  "SINR_after_digital": -5.508822519788596,
  "SINR_after_digital_physics": -5.51268349544261
}