{
  "backend": "MP",
  "metric_mode": "symbol_fidelity",
  "SINR_analog": 14.121057372523826,
  "reference_power": 1.000000000001,
  "mse_clean": 0.031155722215771675,
  "nmse_clean_db": -15.064621769691238,
  "symbol_sinr_clean_db": 15.064621769691238,
  "corr_clean_abs": 0.9848082954237285,
  "corr_clean_angle_rad": 0.0011894981762349715,
  "mse_noisy": 0.035554058849811554,
  "nmse_noisy_db": -14.491108130535222,
  "symbol_sinr_noisy_db": 14.491108130535222,
  "corr_noisy_abs": 0.9827033591127946,
  "corr_noisy_angle_rad": 0.004077982423868606,
  "mse_gain_db": 0.5735136391560157,
  "symbol_gain_db": 0.5735136391560154,
  "relative_mse_improvement_pct": 12.370842531638221,
  "SINR_after_digital": 15.064621769691238,
  "snr_db": 25.0,
  "Supp_analog": 54.1211277338617,
  "Digital_gain": 0.5237229860077477,
  "Digital_gain_physics": 0.5237229860077477,
  "Digital_supp_si": 0.5735137592937147,
  "SINR_after_digital_physics": 14.644780358531573,
  "Total_supp_SI_only": 54.694641493155416,
  "params": {
    "L": 5,
    "lambda": 0.01,
    "poly_orders": [
      1,
      3,
      5
    ],
    "fit_target": "si_oracle",
    "fit_window": "legacy",
    "fit_prefix_samples": 6655
  },
  "pilot_correction": null,
  "reference_mode": null,
  "reference_info": null
}