{
  "rsi_scale": 31231,
  "run_tag": "precomp_digital",
  "local_img": "data/kodak/kodim01.png",
  "remote_img": "data/kodak/kodim24.png",
  "time_sec": 24.803608894348145,
  "sinr_pre": -40.00007036133787,
  "sinr_after_analog": 14.121057372523826,
  "sinr_after_digital": 15.064621769691238,
  "psnr": 33.05330573299157,
  "ms_ssim": 0.9611006379127502,
  "true_ms_ssim": 0.989255964756012,
  "true_ms_ssim_db": 19.688325757075077,
  "ssim_proxy_db": 14.10057520634677,
  "protocol": "wint_0506_realistic_default",
  "target_sinr_pre": -40,
  "derived_rsi_scale": 31231
}