{
  "snr_db": 25.0,
  "rsi_scale": 4521.0,
  "SINR_pre": -30.00047872610682,
  "SINR_analog": 21.530735939785824,
  "Supp_analog": 51.53121466589265,
  "noise_var": 0.003162277623005248,
  "P_main": 0.9999999882479861,
  "amp_scale": 1.0,
  "analog_sic_info": {
    "mode": "realistic_asic_postpa",
    "ASIC_L": 9,
    "ASIC_P": 7,
    "ASIC_P_use": 7,
    "ASIC_NSYM": 1700,
    "BO_DB": 0.0,
    "enable_pa_nonlinearity": true,
    "AUX_DISABLE_IQPA": false,
    "ASIC_FORCE_LINEAR_WHEN_PA_OFF": true,
    "h_aux_flat_mag_db": -4.041496174045471,
    "g_err": 0.9834384782126355,
    "p_err_rad": -0.0003951443139892671,
    "EST_SNR_DB": 100.0,
    "alpha_real": -1.6258847379033514,
    "alpha_imag": 2.8022229643658876,
    "safety_flip": false,
    "P_rsi_before": 1000.1070628044195,
    "P_rsi_after": 0.003867254193132754,
    "analog_supp_db": 54.12643775275561,
    "actual_suppression_db": 54.12643775275561,
    "est_noise_var": 1.0712567394054151e-07,
    "P_main": 0.9999999882479861,
    "noise_var": 0.003162277623005248,
    "SINR_pre_db": -30.00047872610682,
    "SINR_analog_db": 21.530735939785824
  }
}