{
  "backend": "MP",
  "metric_mode": "symbol_fidelity",
  "SINR_analog": 18.127559707810832,
  "reference_power": 1.000000000001,
  "mse_clean": 0.011292429640889168,
  "nmse_clean_db": -19.47212606654927,
  "symbol_sinr_clean_db": 19.47212606654927,
  "corr_clean_abs": 0.9943919678918475,
  "corr_clean_angle_rad": 0.0014054034321212751,
  "mse_noisy": 0.012227913364768028,
  "nmse_noisy_db": -19.12647646893348,
  "symbol_sinr_noisy_db": 19.12647646893348,
  "corr_noisy_abs": 0.9939408192231768,
  "corr_noisy_angle_rad": 0.004438025619391893,
  "mse_gain_db": 0.3456495976157915,
  "symbol_gain_db": 0.3456495976157896,
  "relative_mse_improvement_pct": 7.6503954182218985,
  "SINR_after_digital": 19.47212606654927,
  "snr_db": 25.0,
  "Supp_analog": 53.127525571390606,
  "Digital_gain": 0.2723474386234166,
  "Digital_gain_physics": 0.2723474386234166,
  "Digital_supp_si": 0.3456500464905752,
  "SINR_after_digital_physics": 18.39990714643425,
  "Total_supp_SI_only": 53.47317561788118,
  "params": {
    "L": 5,
    "lambda": 0.01,
    "poly_orders": [
      1,
      3,
      5
    ],
    "fit_target": "si_oracle",
    "fit_window": "legacy",
    "fit_prefix_samples": 6655
  },
  "pilot_correction": null,
  "reference_mode": null,
  "reference_info": null
}