{
  "rsi_scale": 14295,
  "run_tag": "precomp_digital",
  "local_img": "data/kodak/kodim12.png",
  "remote_img": "data/cat/cat6_center_square.png",
  "time_sec": 26.441115379333496,
  "sinr_pre": -34.999965863579774,
  "sinr_after_analog": 18.127559707810832,
  "sinr_after_digital": 19.47212606654927,
  "psnr": 36.94697543076762,
  "ms_ssim": 0.9756676554679871,
  "true_ms_ssim": 0.9916806221008301,
  "true_ms_ssim_db": 20.799091478750114,
  "ssim_proxy_db": 16.138160428053364,
  "protocol": "wsq_0506_cat6_resize128_square_remote",
  "target_sinr_pre": -35,
  "derived_rsi_scale": 14295
}