{
  "backend": "Diffusion",
  "metric_mode": "symbol_fidelity",
  "SINR_analog": -4.7966978852934625,
  "reference_power": 1.000000000001,
  "mse_clean": 1.8351149559020996,
  "nmse_clean_db": 2.6366327466388535,
  "symbol_sinr_clean_db": -2.6366327466388535,
  "corr_clean_abs": 0.5729167614430724,
  "corr_clean_angle_rad": 7.196300519169424e-05,
  "mse_noisy": 3.0144941806793213,
  "nmse_noisy_db": 4.792144498190583,
  "symbol_sinr_noisy_db": -4.792144498190583,
  "corr_noisy_abs": 0.49694067537181114,
  "corr_noisy_angle_rad": 0.009978156933947699,
  "mse_gain_db": 2.1555117515517295,
  "symbol_gain_db": 2.15551175155173,
  "relative_mse_improvement_pct": 39.12361922394076,
  "SINR_after_digital": -2.6366327466388535,
  "SINR_after_digital_physics": null
}