{
  "backend": "None",
  "metric_mode": "symbol_fidelity",
  "SINR_analog": 10.066074642510392,
  "reference_power": 1.000000000001,
  "mse_clean": 0.09532781690359116,
  "nmse_clean_db": -10.207803526112079,
  "symbol_sinr_clean_db": 10.207803526112079,
  "corr_clean_abs": 0.955409868289141,
  "corr_clean_angle_rad": 0.0017659915073622622,
  "mse_noisy": 0.09532781690359116,
  "nmse_noisy_db": -10.207803526112079,
  "symbol_sinr_noisy_db": 10.207803526112079,
  "corr_noisy_abs": 0.955409868289141,
  "corr_noisy_angle_rad": 0.0017659915073622622,
  "mse_gain_db": 0.0,
  "symbol_gain_db": 0.0,
  "relative_mse_improvement_pct": 0.0,
  "SINR_after_digital": 10.207803526112079,
  "SINR_after_digital_physics": 10.066074642510392
}