{
  "backend": "Diffusion",
  "metric_mode": "symbol_fidelity",
  "SINR_analog": 4.091062018827379,
  "reference_power": 1.000000000001,
  "mse_clean": 0.16731475293636322,
  "nmse_clean_db": -7.764657635405224,
  "symbol_sinr_clean_db": 7.764657635405224,
  "corr_clean_abs": 0.923828485194835,
  "corr_clean_angle_rad": 0.02771966318693481,
  "mse_noisy": 0.3866843581199646,
  "nmse_noisy_db": -4.126433953421976,
  "symbol_sinr_noisy_db": 4.126433953421976,
  "corr_noisy_abs": 0.8482632015151857,
  "corr_noisy_angle_rad": 0.02505718634950504,
  "mse_gain_db": 3.6382236819832485,
  "symbol_gain_db": 3.6382236819832485,
  "relative_mse_improvement_pct": 56.73092292887034,
  "SINR_after_digital": 7.764657635405224,
  "SINR_after_digital_physics": null
}