{
  "backend": "MP",
  "metric_mode": "symbol_fidelity",
  "SINR_analog": 0.3702256500117212,
  "reference_power": 1.0000001192102896,
  "mse_clean": 0.2515142858028412,
  "nmse_clean_db": -5.994373941121625,
  "symbol_sinr_clean_db": 5.994373941121625,
  "corr_clean_abs": 0.8900662256762932,
  "corr_clean_angle_rad": -0.016433254921001773,
  "mse_noisy": 0.9151226878166199,
  "nmse_noisy_db": -0.38520729214216737,
  "symbol_sinr_noisy_db": 0.3852072921421671,
  "corr_noisy_abs": 0.7512354893017054,
  "corr_noisy_angle_rad": -0.10687837605786558,
  "mse_gain_db": 5.609166648979458,
  "symbol_gain_db": 5.609166648979458,
  "relative_mse_improvement_pct": 72.51578513437894,
  "SINR_after_digital": 5.994373941121625,
  "snr_db": 25.0,
  "Supp_analog": 49.98501863496093,
  "Digital_gain": 5.569884711491059,
  "Digital_gain_physics": 5.569884711491059,
  "Digital_supp_si": 5.609166431727724,
  "SINR_after_digital_physics": 5.94011036150278,
  "Total_supp_SI_only": 55.59418506668865,
  "params": {
    "L": 3,
    "lambda": 1.0,
    "poly_orders": [
      1
    ],
    "fit_target": "si_oracle",
    "fit_window": "legacy",
    "fit_prefix_samples": 6655
  },
  "pilot_correction": null,
  "reference_mode": null,
  "reference_info": null
}