{
  "snr_db": 25.0,
  "rsi_scale": 406085.0,
  "SINR_pre": -49.9999978868542,
  "SINR_analog": 0.19347415266868365,
  "Supp_analog": 50.19347203952289,
  "noise_var": 0.0031622776454887165,
  "P_main": 0.9999999953578831,
  "amp_scale": 1.0,
  "analog_sic_info": {
    "mode": "realistic_asic_postpa",
    "ASIC_L": 9,
    "ASIC_P": 7,
    "ASIC_P_use": 7,
    "ASIC_NSYM": 1700,
    "BO_DB": 0.0,
    "enable_pa_nonlinearity": true,
    "AUX_DISABLE_IQPA": false,
    "ASIC_FORCE_LINEAR_WHEN_PA_OFF": true,
    "h_aux_flat_mag_db": -1.5655928715096468,
    "g_err": 0.9994910874564961,
    "p_err_rad": 0.004526581807973919,
    "EST_SNR_DB": 100.0,
    "alpha_real": 1.2865228784469327,
    "alpha_imag": 2.0223157893362544,
    "safety_flip": false,
    "P_rsi_before": 99999.94771654258,
    "P_rsi_after": 0.9532663849198304,
    "analog_supp_db": 50.20785494191621,
    "actual_suppression_db": 50.20785494191621,
    "est_noise_var": 1.3104305661628775e-05,
    "P_main": 0.9999999953578831,
    "noise_var": 0.0031622776454887165,
    "SINR_pre_db": -49.9999978868542,
    "SINR_analog_db": 0.19347415266868365
  }
}