{
  "backend": "MP",
  "metric_mode": "symbol_fidelity",
  "SINR_analog": -1.4605427576275634,
  "reference_power": 1.000000000001,
  "mse_clean": 1.23000168800354,
  "nmse_clean_db": 0.8990570744710988,
  "symbol_sinr_clean_db": -0.8990570744710991,
  "corr_clean_abs": 0.6664861173109529,
  "corr_clean_angle_rad": 0.005346902801816851,
  "mse_noisy": 1.3965998888015747,
  "nmse_noisy_db": 1.4507200312555957,
  "symbol_sinr_noisy_db": -1.4507200312555963,
  "corr_noisy_abs": 0.6404461447459114,
  "corr_noisy_angle_rad": -0.00923393978874605,
  "mse_gain_db": 0.5516629567844972,
  "symbol_gain_db": 0.5516629567844973,
  "relative_mse_improvement_pct": 11.928842479063466,
  "SINR_after_digital": -0.8990570744710991,
  "snr_db": 25.0,
  "Supp_analog": 53.53945686326274,
  "Digital_gain": 0.5503341659156502,
  "Digital_gain_physics": 0.5503341659156502,
  "Digital_supp_si": 0.5516628695562547,
  "SINR_after_digital_physics": -0.9102085917119132,
  "Total_supp_SI_only": 54.091119732818996,
  "params": {
    "L": 5,
    "lambda": 0.01,
    "poly_orders": [
      1,
      3,
      5
    ],
    "fit_target": "si_oracle",
    "fit_window": "legacy",
    "fit_prefix_samples": 6655
  },
  "pilot_correction": null,
  "reference_mode": null,
  "reference_info": null
}