{
  "rsi_scale": 1175773,
  "run_tag": "precomp_digital",
  "local_img": "data/kodak/kodim01.png",
  "remote_img": "data/kodak/kodim24.png",
  "time_sec": 24.70637822151184,
  "sinr_pre": -54.99999962089031,
  "sinr_after_analog": -1.4605427576275634,
  "sinr_after_digital": -0.8990570744710991,
  "psnr": 18.34534002372705,
  "ms_ssim": 0.6081902384757996,
  "true_ms_ssim": 0.8165901303291321,
  "true_ms_ssim_db": 7.365772977376145,
  "ssim_proxy_db": 4.0692474822059586,
  "protocol": "wint_0506_realistic_default",
  "target_sinr_pre": -55,
  "derived_rsi_scale": 1175773
}