{
  "backend": "Diffusion",
  "metric_mode": "symbol_fidelity",
  "SINR_analog": 18.414766690741093,
  "reference_power": 1.000000000001,
  "mse_clean": 0.011388864368200302,
  "nmse_clean_db": -19.435195790629788,
  "symbol_sinr_clean_db": 19.435195790629788,
  "corr_clean_abs": 0.9943494193925511,
  "corr_clean_angle_rad": 0.0022873841889485963,
  "mse_noisy": 0.011243055574595928,
  "nmse_noisy_db": -19.49115642568629,
  "symbol_sinr_noisy_db": 19.49115642568629,
  "corr_noisy_abs": 0.9944299512496229,
  "corr_noisy_angle_rad": 0.0022935515836603484,
  "mse_gain_db": -0.05596063505650336,
  "symbol_gain_db": -0.05596063505650406,
  "relative_mse_improvement_pct": -1.2968787054727822,
  "SINR_after_digital": 19.435195790629788,
  "SINR_after_digital_physics": null
}