{
  "backend": "MP",
  "metric_mode": "symbol_fidelity",
  "SINR_analog": 9.01556083949683,
  "reference_power": 1.000000000001,
  "mse_clean": 0.11292508244514465,
  "nmse_clean_db": -9.472095836906814,
  "symbol_sinr_clean_db": 9.472095836906814,
  "corr_clean_abs": 0.9476321319150105,
  "corr_clean_angle_rad": 0.004453495298127742,
  "mse_noisy": 0.12227999418973923,
  "nmse_noisy_db": -9.126445905792181,
  "symbol_sinr_noisy_db": 9.126445905792181,
  "corr_noisy_abs": 0.9437517087175221,
  "corr_noisy_angle_rad": 0.014061206050730317,
  "mse_gain_db": 0.34564993111463266,
  "symbol_gain_db": 0.3456499311146324,
  "relative_mse_improvement_pct": 7.650402509835137,
  "SINR_after_digital": 9.472095836906814,
  "snr_db": 25.0,
  "Supp_analog": 54.01555317515065,
  "Digital_gain": 0.33658986864447193,
  "Digital_gain_physics": 0.33658986864447193,
  "Digital_supp_si": 0.3456500467917405,
  "SINR_after_digital_physics": 9.352150708141302,
  "Total_supp_SI_only": 54.36120322194239,
  "params": {
    "L": 5,
    "lambda": 0.01,
    "poly_orders": [
      1,
      3,
      5
    ],
    "fit_target": "si_oracle",
    "fit_window": "legacy",
    "fit_prefix_samples": 6655
  },
  "pilot_correction": null,
  "reference_mode": null,
  "reference_info": null
}