{
  "backend": "MP",
  "metric_mode": "symbol_fidelity",
  "SINR_analog": 14.934795682057535,
  "reference_power": 1.0000001192102896,
  "mse_clean": 0.00795362051576376,
  "nmse_clean_db": -20.994351856919955,
  "symbol_sinr_clean_db": 20.994351856919955,
  "corr_clean_abs": 0.9960273102398386,
  "corr_clean_angle_rad": -0.0028686416479082773,
  "mse_noisy": 0.028938863426446915,
  "nmse_noisy_db": -15.385185815509848,
  "symbol_sinr_noisy_db": 15.385185815509848,
  "corr_noisy_abs": 0.9864610449666602,
  "corr_noisy_angle_rad": -0.020186103575112403,
  "mse_gain_db": 5.609166041410109,
  "symbol_gain_db": 5.609166041410107,
  "relative_mse_improvement_pct": 72.51578128939165,
  "SINR_after_digital": 20.994351856919955,
  "snr_db": 25.0,
  "Supp_analog": 49.54961470189497,
  "Digital_gain": 4.605759318741848,
  "Digital_gain_physics": 4.605759318741848,
  "Digital_supp_si": 5.60916645199372,
  "SINR_after_digital_physics": 19.540555000799383,
  "Total_supp_SI_only": 55.15878115388869,
  "params": {
    "L": 3,
    "lambda": 1.0,
    "poly_orders": [
      1
    ],
    "fit_target": "si_oracle",
    "fit_window": "legacy",
    "fit_prefix_samples": 6655
  },
  "pilot_correction": null,
  "reference_mode": null,
  "reference_info": null
}