{
  "snr_db": 25.0,
  "rsi_scale": 107900.0,
  "SINR_pre": -45.3844249290233,
  "SINR_analog": 8.996362854462706,
  "Supp_analog": 54.380787783486,
  "noise_var": 0.0031622776454887165,
  "P_main": 0.9999999953578831,
  "amp_scale": 1.0,
  "analog_sic_info": {
    "mode": "realistic_asic_postpa",
    "ASIC_L": 9,
    "ASIC_P": 7,
    "ASIC_P_use": 7,
    "ASIC_NSYM": 1700,
    "BO_DB": 0.0,
    "enable_pa_nonlinearity": true,
    "AUX_DISABLE_IQPA": false,
    "ASIC_FORCE_LINEAR_WHEN_PA_OFF": true,
    "h_aux_flat_mag_db": -4.041496174045471,
    "g_err": 0.9834384782126355,
    "p_err_rad": -0.0003951443139892671,
    "EST_SNR_DB": 100.0,
    "alpha_real": -1.6244632164718178,
    "alpha_imag": 2.801554095823839,
    "safety_flip": false,
    "P_rsi_before": 34549.55445301593,
    "P_rsi_after": 0.12283574006293596,
    "analog_supp_db": 54.491177044136656,
    "actual_suppression_db": 54.491177044136656,
    "est_noise_var": 4.548737559656087e-06,
    "P_main": 0.9999999953578831,
    "noise_var": 0.0031622776454887165,
    "SINR_pre_db": -45.3844249290233,
    "SINR_analog_db": 8.996362854462706
  }
}