{
  "rsi_scale": 12842,
  "run_tag": "precomp_diffusion",
  "local_img": "data/kodak/kodim01.png",
  "remote_img": "data/kodak/kodim24.png",
  "time_sec": 31.735092878341675,
  "sinr_pre": -35.00015927028838,
  "sinr_after_analog": 14.774475487743215,
  "sinr_after_digital": 15.159645860851555,
  "psnr": 32.89730093741184,
  "ms_ssim": 0.9617531895637512,
  "true_ms_ssim": 0.9891905188560486,
  "true_ms_ssim_db": 19.66195151719844,
  "ssim_proxy_db": 14.174047766592393,
  "protocol": "wint_0506_realistic_default",
  "target_sinr_pre": -35,
  "derived_rsi_scale": 12842
}