{
  "backend": "MP",
  "metric_mode": "symbol_fidelity",
  "SINR_analog": 18.414766690741093,
  "reference_power": 1.000000000001,
  "mse_clean": 0.009852195158600807,
  "nmse_clean_db": -20.064669939208663,
  "symbol_sinr_clean_db": 20.064669939208663,
  "corr_clean_abs": 0.9951160381731631,
  "corr_clean_angle_rad": 0.0006691887114590113,
  "mse_noisy": 0.011243055574595928,
  "nmse_noisy_db": -19.49115642568629,
  "symbol_sinr_noisy_db": 19.49115642568629,
  "corr_noisy_abs": 0.9944299512496229,
  "corr_noisy_angle_rad": 0.0022935515836603484,
  "mse_gain_db": 0.573513513522372,
  "symbol_gain_db": 0.5735135135223715,
  "relative_mse_improvement_pct": 12.370839996683015,
  "SINR_after_digital": 20.064669939208663,
  "snr_db": 25.0,
  "Supp_analog": 53.41479193095168,
  "Digital_gain": 0.4409674776174022,
  "Digital_gain_physics": 0.4409674776174022,
  "Digital_supp_si": 0.5735137600352734,
  "SINR_after_digital_physics": 18.855734168358495,
  "Total_supp_SI_only": 53.988305690986955,
  "params": {
    "L": 5,
    "lambda": 0.01,
    "poly_orders": [
      1,
      3,
      5
    ],
    "fit_target": "si_oracle",
    "fit_window": "legacy",
    "fit_prefix_samples": 6655
  },
  "pilot_correction": null,
  "reference_mode": null,
  "reference_info": null
}