{
  "backend": "None",
  "metric_mode": "symbol_fidelity",
  "SINR_analog": 18.414766690741093,
  "reference_power": 1.000000000001,
  "mse_clean": 0.011243055574595928,
  "nmse_clean_db": -19.49115642568629,
  "symbol_sinr_clean_db": 19.49115642568629,
  "corr_clean_abs": 0.9944299512496229,
  "corr_clean_angle_rad": 0.0022935515836603484,
  "mse_noisy": 0.011243055574595928,
  "nmse_noisy_db": -19.49115642568629,
  "symbol_sinr_noisy_db": 19.49115642568629,
  "corr_noisy_abs": 0.9944299512496229,
  "corr_noisy_angle_rad": 0.0022935515836603484,
  "mse_gain_db": 0.0,
  "symbol_gain_db": 0.0,
  "relative_mse_improvement_pct": 0.0,
  "SINR_after_digital": 19.49115642568629,
  "SINR_after_digital_physics": 18.414766690741093
}