{
  "backend": "None",
  "metric_mode": "symbol_fidelity",
  "SINR_analog": -4.7966978852934625,
  "reference_power": 1.000000000001,
  "mse_clean": 3.0144941806793213,
  "nmse_clean_db": 4.792144498190583,
  "symbol_sinr_clean_db": -4.792144498190583,
  "corr_clean_abs": 0.49694067537181114,
  "corr_clean_angle_rad": 0.009978156933947699,
  "mse_noisy": 3.0144941806793213,
  "nmse_noisy_db": 4.792144498190583,
  "symbol_sinr_noisy_db": -4.792144498190583,
  "corr_noisy_abs": 0.49694067537181114,
  "corr_noisy_angle_rad": 0.009978156933947699,
  "mse_gain_db": 0.0,
  "symbol_gain_db": 0.0,
  "relative_mse_improvement_pct": 0.0,
  "SINR_after_digital": -4.792144498190583,
  "SINR_after_digital_physics": -4.7966978852934625
}