{
  "rsi_scale": 1284154,
  "run_tag": "precomp_analog",
  "local_img": "data/kodak/kodim01.png",
  "remote_img": "data/kodak/kodim24.png",
  "time_sec": 21.551012992858887,
  "sinr_pre": -54.99999940400927,
  "sinr_after_analog": -4.7966978852934625,
  "sinr_after_digital": -4.792144498190583,
  "psnr": 14.886780960845734,
  "ms_ssim": 0.44973888993263245,
  "true_ms_ssim": 0.6950898766517639,
  "true_ms_ssim_db": 5.158281563453705,
  "ssim_proxy_db": 2.5943118004723438,
  "protocol": "wint_0506_realistic_default",
  "target_sinr_pre": -55,
  "derived_rsi_scale": 1284154
}