{
  "snr_db": 25.0,
  "rsi_scale": 1429512.0,
  "SINR_pre": -53.600159188198546,
  "SINR_analog": -3.606149707738706,
  "Supp_analog": 49.99400948045984,
  "noise_var": 0.0031622780446326397,
  "P_main": 1.0000001215782743,
  "amp_scale": 1.0,
  "analog_mode": "toy_50dB",
  "toy_sic_db": 50.0,
  "analog_sic_info": {
    "mode": "toy_kmatch",
    "ASIC_L": 9,
    "ASIC_P": 7,
    "ASIC_P_use": 7,
    "ASIC_NSYM": 1700,
    "BO_DB": 0.0,
    "enable_pa_nonlinearity": true,
    "AUX_DISABLE_IQPA": false,
    "ASIC_FORCE_LINEAR_WHEN_PA_OFF": true,
    "k_amp": 0.0031622776601683794,
    "P_rsi_before": 229095.187167863,
    "P_rsi_after": 2.29095187167863,
    "analog_supp_db": 50.0,
    "actual_suppression_db": 50.0,
    "P_main": 1.0000001215782743,
    "noise_var": 0.0031622780446326397,
    "SINR_pre_db": -53.600159188198546,
    "SINR_analog_db": -3.606149707738706
  }
}