{
  "backend": "MP",
  "metric_mode": "symbol_fidelity",
  "SINR_analog": -3.606149707738706,
  "reference_power": 1.0000001192102896,
  "mse_clean": 0.9156545400619507,
  "nmse_clean_db": -0.38268398675781723,
  "symbol_sinr_clean_db": 0.38268398675781734,
  "corr_clean_abs": 0.7473630693591043,
  "corr_clean_angle_rad": -0.07104205349084067,
  "mse_noisy": 2.290951728820801,
  "nmse_noisy_db": 3.6001588677181844,
  "symbol_sinr_noisy_db": -3.6001588677181844,
  "corr_noisy_abs": 0.6164179464799496,
  "corr_noisy_angle_rad": -0.27961672253900016,
  "mse_gain_db": 3.9828428544760013,
  "symbol_gain_db": 3.9828428544760017,
  "relative_mse_improvement_pct": 60.03169649786305,
  "SINR_after_digital": 0.38268398675781734,
  "snr_db": 25.0,
  "Supp_analog": 49.99400948045984,
  "Digital_gain": 3.973861045907755,
  "Digital_gain_physics": 3.973861045907755,
  "Digital_supp_si": 3.98284329565561,
  "SINR_after_digital_physics": 0.36771133816904866,
  "Total_supp_SI_only": 53.97685277611545,
  "params": {
    "L": 3,
    "lambda": 1.0,
    "poly_orders": [
      1
    ],
    "fit_target": "si_oracle",
    "fit_window": "legacy",
    "fit_prefix_samples": 6655
  },
  "pilot_correction": null,
  "reference_mode": null,
  "reference_info": null
}