{
  "backend": "MP",
  "metric_mode": "symbol_fidelity",
  "SINR_analog": 1.3809193074091102,
  "reference_power": 1.0000001192102896,
  "mse_clean": 0.28955575823783875,
  "nmse_clean_db": -5.382678458379381,
  "symbol_sinr_clean_db": 5.382678458379381,
  "corr_clean_abs": 0.8890162948974205,
  "corr_clean_angle_rad": -0.04113408309235606,
  "mse_noisy": 0.7244635820388794,
  "nmse_noisy_db": -1.3998349290645775,
  "symbol_sinr_noisy_db": 1.3998349290645782,
  "corr_noisy_abs": 0.7921688204917238,
  "corr_noisy_angle_rad": -0.16722892709812856,
  "mse_gain_db": 3.9828435293148035,
  "symbol_gain_db": 3.9828435293148026,
  "relative_mse_improvement_pct": 60.0317027084324,
  "SINR_after_digital": 5.382678458379381,
  "snr_db": 25.0,
  "Supp_analog": 49.981084521599364,
  "Digital_gain": 3.9545861532447164,
  "Digital_gain_physics": 3.9545861532447164,
  "Digital_supp_si": 3.982843253310857,
  "SINR_after_digital_physics": 5.335505460653827,
  "Total_supp_SI_only": 53.96392777491022,
  "params": {
    "L": 3,
    "lambda": 1.0,
    "poly_orders": [
      1
    ],
    "fit_target": "si_oracle",
    "fit_window": "legacy",
    "fit_prefix_samples": 6655
  },
  "pilot_correction": null,
  "reference_mode": null,
  "reference_info": null
}