{
  "backend": "None",
  "metric_mode": "symbol_fidelity",
  "SINR_analog": -5.877111499790385,
  "reference_power": 1.000000000001,
  "mse_clean": 3.8668394088745117,
  "nmse_clean_db": 5.873561360526907,
  "symbol_sinr_clean_db": -5.873561360526907,
  "corr_clean_abs": 0.4489045085598332,
  "corr_clean_angle_rad": 0.07997100777913238,
  "mse_noisy": 3.8668394088745117,
  "nmse_noisy_db": 5.873561360526907,
  "symbol_sinr_noisy_db": -5.873561360526907,
  "corr_noisy_abs": 0.4489045085598332,
  "corr_noisy_angle_rad": 0.07997100777913238,
  "mse_gain_db": 0.0,
  "symbol_gain_db": 0.0,
  "relative_mse_improvement_pct": 0.0,
  "SINR_after_digital": -5.873561360526907,
  "SINR_after_digital_physics": -5.877111499790385
}