{
  "snr_db": 25.0,
  "rsi_scale": 4520515.0,
  "SINR_pre": -59.999999083995725,
  "SINR_analog": -5.877111499790385,
  "Supp_analog": 54.12288758420534,
  "noise_var": 0.003162277623005248,
  "P_main": 0.9999999882479861,
  "amp_scale": 1.0,
  "analog_sic_info": {
    "mode": "realistic_asic_postpa",
    "ASIC_L": 9,
    "ASIC_P": 7,
    "ASIC_P_use": 7,
    "ASIC_NSYM": 1700,
    "BO_DB": 0.0,
    "enable_pa_nonlinearity": true,
    "AUX_DISABLE_IQPA": false,
    "ASIC_FORCE_LINEAR_WHEN_PA_OFF": true,
    "h_aux_flat_mag_db": -4.041496174045471,
    "g_err": 0.9834384782126355,
    "p_err_rad": -0.0003951443139892671,
    "EST_SNR_DB": 100.0,
    "alpha_real": -1.625884737903353,
    "alpha_imag": 2.802222964365892,
    "safety_flip": false,
    "P_rsi_before": 999999.7741679538,
    "P_rsi_after": 3.866839325077522,
    "analog_supp_db": 54.12643775280381,
    "actual_suppression_db": 54.12643775280381,
    "est_noise_var": 0.00010711418180343439,
    "P_main": 0.9999999882479861,
    "noise_var": 0.003162277623005248,
    "SINR_pre_db": -59.999999083995725,
    "SINR_analog_db": -5.877111499790385
  }
}