{
  "backend": "MP",
  "metric_mode": "symbol_fidelity",
  "SINR_analog": 14.774475487743215,
  "reference_power": 1.000000000001,
  "mse_clean": 0.026875052601099014,
  "nmse_clean_db": -15.706506770389193,
  "symbol_sinr_clean_db": 15.706506770389193,
  "corr_clean_abs": 0.9868112950516562,
  "corr_clean_angle_rad": -0.0003857992777434227,
  "mse_noisy": 0.030146021395921707,
  "nmse_noisy_db": -15.207699969369292,
  "symbol_sinr_noisy_db": 15.207699969369292,
  "corr_noisy_abs": 0.985243088723176,
  "corr_noisy_angle_rad": 0.000992660300866471,
  "mse_gain_db": 0.4988068010199006,
  "symbol_gain_db": 0.49880680101990116,
  "relative_mse_improvement_pct": 10.850416218296392,
  "SINR_after_digital": 15.706506770389193,
  "snr_db": 25.0,
  "Supp_analog": 49.774634758031596,
  "Digital_gain": 0.4489110165445087,
  "Digital_gain_physics": 0.4489110165445087,
  "Digital_supp_si": 0.4988065335707112,
  "SINR_after_digital_physics": 15.223386504287724,
  "Total_supp_SI_only": 50.2734412916023,
  "params": {
    "L": 5,
    "lambda": 0.01,
    "poly_orders": [
      1,
      3,
      5
    ],
    "fit_target": "si_oracle",
    "fit_window": "legacy",
    "fit_prefix_samples": 6655
  },
  "pilot_correction": null,
  "reference_mode": null,
  "reference_info": null
}