{
  "backend": "MP",
  "metric_mode": "symbol_fidelity",
  "SINR_analog": 5.337985861238181,
  "reference_power": 1.0000001192102896,
  "mse_clean": 0.07953620702028275,
  "nmse_clean_db": -10.994351755704688,
  "symbol_sinr_clean_db": 10.994351755704688,
  "corr_clean_abs": 0.9616625513193651,
  "corr_clean_angle_rad": -0.009150156388651621,
  "mse_noisy": 0.28938859701156616,
  "nmse_noisy_db": -5.385186374710797,
  "symbol_sinr_noisy_db": 5.385186374710797,
  "corr_noisy_abs": 0.8905084958400905,
  "corr_noisy_angle_rad": -0.06207161367236495,
  "mse_gain_db": 5.6091653809938915,
  "symbol_gain_db": 5.6091653809938915,
  "relative_mse_improvement_pct": 72.51577710996366,
  "SINR_after_digital": 10.994351755704688,
  "snr_db": 25.0,
  "Supp_analog": 49.952800609922576,
  "Digital_gain": 5.487039458895008,
  "Digital_gain_physics": 5.487039458895008,
  "Digital_supp_si": 5.609166384251624,
  "SINR_after_digital_physics": 10.82502532013319,
  "Total_supp_SI_only": 55.5619669941742,
  "params": {
    "L": 3,
    "lambda": 1.0,
    "poly_orders": [
      1
    ],
    "fit_target": "si_oracle",
    "fit_window": "legacy",
    "fit_prefix_samples": 6655
  },
  "pilot_correction": null,
  "reference_mode": null,
  "reference_info": null
}