{
  "backend": "None",
  "metric_mode": "symbol_fidelity",
  "SINR_analog": 4.452720374957965,
  "reference_power": 1.000000000001,
  "mse_clean": 0.3555349111557007,
  "nmse_clean_db": -4.491177480200411,
  "symbol_sinr_clean_db": 4.491177480200411,
  "corr_clean_abs": 0.8592241745830504,
  "corr_clean_angle_rad": 0.012885179040625373,
  "mse_noisy": 0.3555349111557007,
  "nmse_noisy_db": -4.491177480200411,
  "symbol_sinr_noisy_db": 4.491177480200411,
  "corr_noisy_abs": 0.8592241745830504,
  "corr_noisy_angle_rad": 0.012885179040625373,
  "mse_gain_db": 0.0,
  "symbol_gain_db": 0.0,
  "relative_mse_improvement_pct": 0.0,
  "SINR_after_digital": 4.491177480200411,
  "SINR_after_digital_physics": 4.452720374957965
}