{
  "rsi_scale": 312305,
  "run_tag": "precomp_analog",
  "local_img": "data/kodak/kodim01.png",
  "remote_img": "data/kodak/kodim24.png",
  "time_sec": 21.501948595046997,
  "sinr_pre": -49.9999995953886,
  "sinr_after_analog": 4.452720374957965,
  "sinr_after_digital": 4.491177480200411,
  "psnr": 24.740838783368112,
  "ms_ssim": 0.790208637714386,
  "true_ms_ssim": 0.9344984889030457,
  "true_ms_ssim_db": 11.83748680870828,
  "ssim_proxy_db": 6.782123969285391,
  "protocol": "wint_0506_realistic_default",
  "target_sinr_pre": -50,
  "derived_rsi_scale": 312305
}