{
  "backend": "Diffusion",
  "metric_mode": "symbol_fidelity",
  "SINR_analog": 5.162547723396376,
  "reference_power": 1.000000000001,
  "mse_clean": 0.20184527337551117,
  "nmse_clean_db": -6.949814160367187,
  "symbol_sinr_clean_db": 6.949814160367188,
  "corr_clean_abs": 0.9107272556409538,
  "corr_clean_angle_rad": 0.002277951177678091,
  "mse_noisy": 0.3014484643936157,
  "nmse_noisy_db": -5.207869241287174,
  "symbol_sinr_noisy_db": 5.207869241287174,
  "corr_noisy_abs": 0.8762014083847603,
  "corr_noisy_angle_rad": 0.0031428943575718565,
  "mse_gain_db": 1.7419449190800131,
  "symbol_gain_db": 1.741944919080014,
  "relative_mse_improvement_pct": 33.04153206357604,
  "SINR_after_digital": 6.949814160367188,
  "SINR_after_digital_physics": null
}