{
  "backend": "None",
  "metric_mode": "symbol_fidelity",
  "SINR_analog": 8.816445237105345,
  "reference_power": 1.000000000001,
  "mse_clean": 0.12816517055034637,
  "nmse_clean_db": -8.922299802196504,
  "symbol_sinr_clean_db": 8.922299802196504,
  "corr_clean_abs": 0.9410202327861974,
  "corr_clean_angle_rad": -0.002768648358277826,
  "mse_noisy": 0.12816517055034637,
  "nmse_noisy_db": -8.922299802196504,
  "symbol_sinr_noisy_db": 8.922299802196504,
  "corr_noisy_abs": 0.9410202327861974,
  "corr_noisy_angle_rad": -0.002768648358277826,
  "mse_gain_db": 0.0,
  "symbol_gain_db": 0.0,
  "relative_mse_improvement_pct": 0.0,
  "SINR_after_digital": 8.922299802196504,
  "SINR_after_digital_physics": 8.816445237105345
}