{
  "backend": "MP",
  "metric_mode": "symbol_fidelity",
  "SINR_analog": -6.453829182522023,
  "reference_power": 1.000000000001,
  "mse_clean": 3.8896074295043945,
  "nmse_clean_db": 5.899057710413049,
  "symbol_sinr_clean_db": -5.899057710413049,
  "corr_clean_abs": 0.4467566449813331,
  "corr_clean_angle_rad": 0.00957252873962366,
  "mse_noisy": 4.416437149047852,
  "nmse_noisy_db": 6.450720543089087,
  "symbol_sinr_noisy_db": -6.450720543089087,
  "corr_noisy_abs": 0.4205701556114632,
  "corr_noisy_angle_rad": -0.01661165518192602,
  "mse_gain_db": 0.5516628326760377,
  "symbol_gain_db": 0.5516628326760378,
  "relative_mse_improvement_pct": 11.928839962251427,
  "SINR_after_digital": -5.899057710413049,
  "snr_db": 25.0,
  "Supp_analog": 53.54617076921489,
  "Digital_gain": 0.5512420037269425,
  "Digital_gain_physics": 0.5512420037269425,
  "Digital_supp_si": 0.5516628707294325,
  "SINR_after_digital_physics": -5.9025871787950805,
  "Total_supp_SI_only": 54.09783363994432,
  "params": {
    "L": 5,
    "lambda": 0.01,
    "poly_orders": [
      1,
      3,
      5
    ],
    "fit_target": "si_oracle",
    "fit_window": "legacy",
    "fit_prefix_samples": 6655
  },
  "pilot_correction": null,
  "reference_mode": null,
  "reference_info": null
}