{
  "backend": "Diffusion",
  "metric_mode": "symbol_fidelity",
  "SINR_analog": 18.127559707810832,
  "reference_power": 1.000000000001,
  "mse_clean": 0.013549840077757835,
  "nmse_clean_db": -18.680658304969285,
  "symbol_sinr_clean_db": 18.680658304969285,
  "corr_clean_abs": 0.993260023906544,
  "corr_clean_angle_rad": 0.005470594424531037,
  "mse_noisy": 0.012227913364768028,
  "nmse_noisy_db": -19.12647646893348,
  "symbol_sinr_noisy_db": 19.12647646893348,
  "corr_noisy_abs": 0.9939408192231768,
  "corr_noisy_angle_rad": 0.004438025619391893,
  "mse_gain_db": -0.4458181639641909,
  "symbol_gain_db": -0.44581816396419427,
  "relative_mse_improvement_pct": -10.810730117621976,
  "SINR_after_digital": 18.680658304969285,
  "SINR_after_digital_physics": null
}