{
  "rsi_scale": 987595,
  "run_tag": "precomp_diffusion",
  "local_img": "data/kodak/kodim01.png",
  "remote_img": "data/kodak/kodim24.png",
  "time_sec": 47.44087195396423,
  "sinr_pre": -54.999998953295176,
  "sinr_after_analog": -0.5210199624130154,
  "sinr_after_digital": 3.352729672234356,
  "psnr": 22.841715451296515,
  "ms_ssim": 0.735317051410675,
  "true_ms_ssim": 0.8942921757698059,
  "true_ms_ssim_db": 9.758928661056405,
  "ssim_proxy_db": 5.772740359260526,
  "protocol": "wint_0506_realistic_default",
  "target_sinr_pre": -55,
  "derived_rsi_scale": 987595
}