{
  "snr_db": 25.0,
  "rsi_scale": 107900.0,
  "SINR_pre": -44.24404323539345,
  "SINR_analog": 5.909927147956832,
  "Supp_analog": 50.153970383350284,
  "noise_var": 0.0031622776454887165,
  "P_main": 0.9999999953578831,
  "amp_scale": 1.0,
  "analog_sic_info": {
    "mode": "realistic_asic_postpa",
    "ASIC_L": 9,
    "ASIC_P": 7,
    "ASIC_P_use": 7,
    "ASIC_NSYM": 1700,
    "BO_DB": 0.0,
    "enable_pa_nonlinearity": true,
    "AUX_DISABLE_IQPA": false,
    "ASIC_FORCE_LINEAR_WHEN_PA_OFF": true,
    "h_aux_flat_mag_db": -1.5655928715096468,
    "g_err": 0.9994910874564961,
    "p_err_rad": 0.004526581807973919,
    "EST_SNR_DB": 100.0,
    "alpha_real": 1.2865228784469316,
    "alpha_imag": 2.022315789336252,
    "safety_flip": false,
    "P_rsi_before": 26570.77793716819,
    "P_rsi_after": 0.2532904267232961,
    "analog_supp_db": 50.20785494178617,
    "actual_suppression_db": 50.20785494178617,
    "est_noise_var": 3.4819177780261403e-06,
    "P_main": 0.9999999953578831,
    "noise_var": 0.0031622776454887165,
    "SINR_pre_db": -44.24404323539345,
    "SINR_analog_db": 5.909927147956832
  }
}