{
  "backend": "None",
  "metric_mode": "symbol_fidelity",
  "SINR_analog": 5.909927147956832,
  "reference_power": 1.000000000001,
  "mse_clean": 0.25329041481018066,
  "nmse_clean_db": -5.963812447676714,
  "symbol_sinr_clean_db": 5.9638124476767125,
  "corr_clean_abs": 0.8929521107739705,
  "corr_clean_angle_rad": 0.0028804967165045516,
  "mse_noisy": 0.25329041481018066,
  "nmse_noisy_db": -5.963812447676714,
  "symbol_sinr_noisy_db": 5.9638124476767125,
  "corr_noisy_abs": 0.8929521107739705,
  "corr_noisy_angle_rad": 0.0028804967165045516,
  "mse_gain_db": 0.0,
  "symbol_gain_db": 0.0,
  "relative_mse_improvement_pct": 0.0,
  "SINR_after_digital": 5.9638124476767125,
  "SINR_after_digital_physics": 5.909927147956832
}