{
  "backend": "MP",
  "metric_mode": "symbol_fidelity",
  "SINR_analog": -0.5210199624130154,
  "reference_power": 1.000000000001,
  "mse_clean": 0.9852145910263062,
  "nmse_clean_db": -0.06469164885244316,
  "symbol_sinr_clean_db": 0.06469164885244325,
  "corr_clean_abs": 0.7117777299090912,
  "corr_clean_angle_rad": 0.006657508067234886,
  "mse_noisy": 1.1243000030517578,
  "nmse_noisy_db": 0.5088221184237974,
  "symbol_sinr_noisy_db": -0.5088221184237978,
  "corr_noisy_abs": 0.6869997650739219,
  "corr_noisy_angle_rad": 0.02289104917404887,
  "mse_gain_db": 0.5735137672762404,
  "symbol_gain_db": 0.573513767276241,
  "relative_mse_improvement_pct": 12.370845116765961,
  "SINR_after_digital": 0.06469164885244325,
  "snr_db": 25.0,
  "Supp_analog": 54.47897899088216,
  "Digital_gain": 0.5717944773354102,
  "Digital_gain_physics": 0.5717944773354102,
  "Digital_supp_si": 0.573513759222754,
  "SINR_after_digital_physics": 0.050774514922394834,
  "Total_supp_SI_only": 55.05249275010492,
  "params": {
    "L": 5,
    "lambda": 0.01,
    "poly_orders": [
      1,
      3,
      5
    ],
    "fit_target": "si_oracle",
    "fit_window": "legacy",
    "fit_prefix_samples": 6655
  },
  "pilot_correction": null,
  "reference_mode": null,
  "reference_info": null
}