{
  "backend": "MP",
  "metric_mode": "symbol_fidelity",
  "SINR_analog": 18.963572484044604,
  "reference_power": 1.000000000001,
  "mse_clean": 0.008498644456267357,
  "nmse_clean_db": -20.7065033918961,
  "symbol_sinr_clean_db": 20.7065033918961,
  "corr_clean_abs": 0.9957743391120786,
  "corr_clean_angle_rad": -0.00021688101069900742,
  "mse_noisy": 0.009533016011118889,
  "nmse_noisy_db": -20.207696775158958,
  "symbol_sinr_noisy_db": 20.207696775158958,
  "corr_noisy_abs": 0.9952642814317779,
  "corr_noisy_angle_rad": 0.0005580608194501943,
  "mse_gain_db": 0.4988066167371359,
  "symbol_gain_db": 0.49880661673714144,
  "relative_mse_improvement_pct": 10.850412435441024,
  "SINR_after_digital": 20.7065033918961,
  "snr_db": 25.0,
  "Supp_analog": 48.96374438371638,
  "Digital_gain": 0.36909851000638483,
  "Digital_gain_physics": 0.36909851000638483,
  "Digital_supp_si": 0.4988065364290561,
  "SINR_after_digital_physics": 19.33267099405099,
  "Total_supp_SI_only": 49.46255092014544,
  "params": {
    "L": 5,
    "lambda": 0.01,
    "poly_orders": [
      1,
      3,
      5
    ],
    "fit_target": "si_oracle",
    "fit_window": "legacy",
    "fit_prefix_samples": 6655
  },
  "pilot_correction": null,
  "reference_mode": null,
  "reference_info": null
}