{
  "rsi_scale": 4061,
  "run_tag": "precomp_digital",
  "local_img": "data/kodak/kodim01.png",
  "remote_img": "data/kodak/kodim24.png",
  "time_sec": 25.155319452285767,
  "sinr_pre": -30.000171899671777,
  "sinr_after_analog": 18.963572484044604,
  "sinr_after_digital": 20.7065033918961,
  "psnr": 34.48866351567582,
  "ms_ssim": 0.9732704162597656,
  "true_ms_ssim": 0.9930089116096497,
  "true_ms_ssim_db": 21.554552069256715,
  "ssim_proxy_db": 15.73007804458086,
  "protocol": "wint_0506_realistic_default",
  "target_sinr_pre": -30,
  "derived_rsi_scale": 4061
}