{
  "backend": "MP",
  "metric_mode": "symbol_fidelity",
  "SINR_analog": -4.619535448087692,
  "reference_power": 1.0000001192102896,
  "mse_clean": 0.7953580021858215,
  "nmse_clean_db": -0.9943739685537898,
  "symbol_sinr_clean_db": 0.9943739685537898,
  "corr_clean_abs": 0.7333965536874782,
  "corr_clean_angle_rad": -0.029745941642543655,
  "mse_noisy": 2.893871784210205,
  "nmse_noisy_db": 4.614792335993313,
  "symbol_sinr_noisy_db": -4.614792335993312,
  "corr_noisy_abs": 0.5625576569457791,
  "corr_noisy_angle_rad": -0.17939720354321687,
  "mse_gain_db": 5.609166304547102,
  "symbol_gain_db": 5.609166304547101,
  "relative_mse_improvement_pct": 72.51578295464753,
  "SINR_after_digital": 0.9943739685537898,
  "snr_db": 25.0,
  "Supp_analog": 49.9952568860583,
  "Digital_gain": 5.596676648847558,
  "Digital_gain_physics": 5.596676648847558,
  "Digital_supp_si": 5.609166444048813,
  "SINR_after_digital_physics": 0.9771412007598658,
  "Total_supp_SI_only": 55.60442333010711,
  "params": {
    "L": 3,
    "lambda": 1.0,
    "poly_orders": [
      1
    ],
    "fit_target": "si_oracle",
    "fit_window": "legacy",
    "fit_prefix_samples": 6655
  },
  "pilot_correction": null,
  "reference_mode": null,
  "reference_info": null
}