{
  "backend": "MP",
  "metric_mode": "symbol_fidelity",
  "SINR_analog": 9.370690636186453,
  "reference_power": 1.000000000001,
  "mse_clean": 0.09852194786071777,
  "nmse_clean_db": -10.064670103819866,
  "symbol_sinr_clean_db": 10.064670103819866,
  "corr_clean_abs": 0.9542629829557374,
  "corr_clean_angle_rad": 0.0021136116052541598,
  "mse_noisy": 0.11243055760860443,
  "nmse_noisy_db": -9.49115635408406,
  "symbol_sinr_noisy_db": 9.49115635408406,
  "corr_noisy_abs": 0.9482048318194055,
  "corr_noisy_angle_rad": 0.007249667655403498,
  "mse_gain_db": 0.5735137497358054,
  "symbol_gain_db": 0.573513749735806,
  "relative_mse_improvement_pct": 12.370844762846312,
  "SINR_after_digital": 10.064670103819866,
  "snr_db": 25.0,
  "Supp_analog": 54.370711967767654,
  "Digital_gain": 0.5567733209687695,
  "Digital_gain_physics": 0.5567733209687695,
  "Digital_supp_si": 0.5735137592448178,
  "SINR_after_digital_physics": 9.927463957155222,
  "Total_supp_SI_only": 54.94422572701247,
  "params": {
    "L": 5,
    "lambda": 0.01,
    "poly_orders": [
      1,
      3,
      5
    ],
    "fit_target": "si_oracle",
    "fit_window": "legacy",
    "fit_prefix_samples": 6655
  },
  "pilot_correction": null,
  "reference_mode": null,
  "reference_info": null
}