{
  "rsi_scale": 98760,
  "run_tag": "precomp_digital",
  "local_img": "data/kodak/kodim01.png",
  "remote_img": "data/kodak/kodim24.png",
  "time_sec": 24.34160304069519,
  "sinr_pre": -45.0000213315812,
  "sinr_after_analog": 9.370690636186453,
  "sinr_after_digital": 10.064670103819866,
  "psnr": 30.122653368171306,
  "ms_ssim": 0.9230934977531433,
  "true_ms_ssim": 0.9780139327049255,
  "true_ms_ssim_db": 16.57852447073585,
  "ssim_proxy_db": 11.14036940165407,
  "protocol": "wint_0506_realistic_default",
  "target_sinr_pre": -45,
  "derived_rsi_scale": 98760
}