{
  "backend": "MP",
  "metric_mode": "symbol_fidelity",
  "SINR_analog": -9.793585395143355,
  "reference_power": 1.000000000001,
  "mse_clean": 8.498333930969238,
  "nmse_clean_db": 9.29333792124291,
  "symbol_sinr_clean_db": -9.29333792124291,
  "corr_clean_abs": 0.32119935847798253,
  "corr_clean_angle_rad": -0.006933904111398824,
  "mse_noisy": 9.532669067382812,
  "nmse_noisy_db": 9.792145164762571,
  "symbol_sinr_noisy_db": -9.792145164762571,
  "corr_noisy_abs": 0.30529140675372285,
  "corr_noisy_angle_rad": 0.0178237426880602,
  "mse_gain_db": 0.49880724351966066,
  "symbol_gain_db": 0.49880724351966066,
  "relative_mse_improvement_pct": 10.850425301687743,
  "SINR_after_digital": -9.29333792124291,
  "snr_db": 25.0,
  "Supp_analog": 50.20641450704176,
  "Digital_gain": 0.49863124974192097,
  "Digital_gain_physics": 0.49863124974192097,
  "Digital_supp_si": 0.49880653437334893,
  "SINR_after_digital_physics": -9.294954145401434,
  "Total_supp_SI_only": 50.70522104141511,
  "params": {
    "L": 5,
    "lambda": 0.01,
    "poly_orders": [
      1,
      3,
      5
    ],
    "fit_target": "si_oracle",
    "fit_window": "legacy",
    "fit_prefix_samples": 6655
  },
  "pilot_correction": null,
  "reference_mode": null,
  "reference_info": null
}