{
  "rsi_scale": 4060852,
  "run_tag": "precomp_digital",
  "local_img": "data/kodak/kodim01.png",
  "remote_img": "data/kodak/kodim24.png",
  "time_sec": 24.66137981414795,
  "sinr_pre": -59.99999990218511,
  "sinr_after_analog": -9.793585395143355,
  "sinr_after_digital": -9.29333792124291,
  "psnr": 13.040413983169842,
  "ms_ssim": 0.3250027000904083,
  "true_ms_ssim": 0.5629264712333679,
  "true_ms_ssim_db": 3.594454956350539,
  "ssim_proxy_db": 1.7069796440854592,
  "protocol": "wint_0506_realistic_default",
  "target_sinr_pre": -60,
  "derived_rsi_scale": 4060852
}