{
  "backend": "MP",
  "metric_mode": "symbol_fidelity",
  "SINR_analog": 4.452720374957965,
  "reference_power": 1.000000000001,
  "mse_clean": 0.3115522265434265,
  "nmse_clean_db": -5.0646914066268724,
  "symbol_sinr_clean_db": 5.0646914066268724,
  "corr_clean_abs": 0.8738661891055007,
  "corr_clean_angle_rad": 0.0037532387706241633,
  "mse_noisy": 0.3555349111557007,
  "nmse_noisy_db": -4.491177480200411,
  "symbol_sinr_noisy_db": 4.491177480200411,
  "corr_noisy_abs": 0.8592241745830504,
  "corr_noisy_angle_rad": 0.012885179040625373,
  "mse_gain_db": 0.5735139264264597,
  "symbol_gain_db": 0.573513926426461,
  "relative_mse_improvement_pct": 12.370848327996956,
  "SINR_after_digital": 5.0646914066268724,
  "snr_db": 25.0,
  "Supp_analog": 54.452719970346564,
  "Digital_gain": 0.5681119784000659,
  "Digital_gain_physics": 0.5681119784000659,
  "Digital_supp_si": 0.5735137593838451,
  "SINR_after_digital_physics": 5.020832353358031,
  "Total_supp_SI_only": 55.02623372973041,
  "params": {
    "L": 5,
    "lambda": 0.01,
    "poly_orders": [
      1,
      3,
      5
    ],
    "fit_target": "si_oracle",
    "fit_window": "legacy",
    "fit_prefix_samples": 6655
  },
  "pilot_correction": null,
  "reference_mode": null,
  "reference_info": null
}