{
  "backend": "None",
  "metric_mode": "symbol_fidelity",
  "SINR_analog": 18.963572484044604,
  "reference_power": 1.000000000001,
  "mse_clean": 0.009533016011118889,
  "nmse_clean_db": -20.207696775158958,
  "symbol_sinr_clean_db": 20.207696775158958,
  "corr_clean_abs": 0.9952642814317779,
  "corr_clean_angle_rad": 0.0005580608194501943,
  "mse_noisy": 0.009533016011118889,
  "nmse_noisy_db": -20.207696775158958,
  "symbol_sinr_noisy_db": 20.207696775158958,
  "corr_noisy_abs": 0.9952642814317779,
  "corr_noisy_angle_rad": 0.0005580608194501943,
  "mse_gain_db": 0.0,
  "symbol_gain_db": 0.0,
  "relative_mse_improvement_pct": 0.0,
  "SINR_after_digital": 20.207696775158958,
  "SINR_after_digital_physics": 18.963572484044604
}