{
  "rsi_scale": 1284154,
  "run_tag": "precomp_digital",
  "local_img": "data/kodak/kodim01.png",
  "remote_img": "data/kodak/kodim24.png",
  "time_sec": 25.06242871284485,
  "sinr_pre": -54.99999940400927,
  "sinr_after_analog": -4.7966978852934625,
  "sinr_after_digital": -4.293337935248353,
  "psnr": 15.378588302344758,
  "ms_ssim": 0.47660160064697266,
  "true_ms_ssim": 0.71728515625,
  "true_ms_ssim_db": 5.48651388576357,
  "ssim_proxy_db": 2.811676098451838,
  "protocol": "wint_0506_realistic_default",
  "target_sinr_pre": -55,
  "derived_rsi_scale": 1284154
}