{
  "backend": "Diffusion",
  "metric_mode": "symbol_fidelity",
  "SINR_analog": 18.127559707810832,
  "reference_power": 1.000000000001,
  "mse_clean": 0.012411341071128845,
  "nmse_clean_db": -19.06181289512745,
  "symbol_sinr_clean_db": 19.06181289512745,
  "corr_clean_abs": 0.9938407248440904,
  "corr_clean_angle_rad": 0.004313840931964996,
  "mse_noisy": 0.012227913364768028,
  "nmse_noisy_db": -19.12647646893348,
  "symbol_sinr_noisy_db": 19.12647646893348,
  "corr_noisy_abs": 0.9939408192231768,
  "corr_noisy_angle_rad": 0.004438025619391893,
  "mse_gain_db": -0.06466357380602922,
  "symbol_gain_db": -0.06466357380602972,
  "relative_mse_improvement_pct": -1.5000736501316876,
  "SINR_after_digital": 19.06181289512745,
  "SINR_after_digital_physics": null
}