{
  "snr_db": 25.0,
  "rsi_scale": 142951.0,
  "SINR_pre": -44.99999233565382,
  "SINR_analog": 9.01556083949683,
  "Supp_analog": 54.01555317515065,
  "noise_var": 0.003162277623005248,
  "P_main": 0.9999999882479861,
  "amp_scale": 1.0,
  "analog_sic_info": {
    "mode": "realistic_asic_postpa",
    "ASIC_L": 9,
    "ASIC_P": 7,
    "ASIC_P_use": 7,
    "ASIC_NSYM": 1700,
    "BO_DB": 0.0,
    "enable_pa_nonlinearity": true,
    "AUX_DISABLE_IQPA": false,
    "ASIC_FORCE_LINEAR_WHEN_PA_OFF": true,
    "h_aux_flat_mag_db": -4.041496174045471,
    "g_err": 0.9834384782126355,
    "p_err_rad": -0.0003951443139892671,
    "EST_SNR_DB": 100.0,
    "alpha_real": -1.6258847379033525,
    "alpha_imag": 2.8022229643658934,
    "safety_flip": false,
    "P_rsi_before": 31622.717260551766,
    "P_rsi_after": 0.12227999426993276,
    "analog_supp_db": 54.12643775329102,
    "actual_suppression_db": 54.12643775329102,
    "est_noise_var": 3.3872422507131925e-06,
    "P_main": 0.9999999882479861,
    "noise_var": 0.003162277623005248,
    "SINR_pre_db": -44.99999233565382,
    "SINR_analog_db": 9.01556083949683
  }
}