{
  "snr_db": 25.0,
  "rsi_scale": 45205.0,
  "SINR_pre": -39.99998603281703,
  "SINR_analog": 13.785064973122056,
  "Supp_analog": 53.78505100593908,
  "noise_var": 0.003162277623005248,
  "P_main": 0.9999999882479861,
  "amp_scale": 1.0,
  "analog_sic_info": {
    "mode": "realistic_asic_postpa",
    "ASIC_L": 9,
    "ASIC_P": 7,
    "ASIC_P_use": 7,
    "ASIC_NSYM": 1700,
    "BO_DB": 0.0,
    "enable_pa_nonlinearity": true,
    "AUX_DISABLE_IQPA": false,
    "ASIC_FORCE_LINEAR_WHEN_PA_OFF": true,
    "h_aux_flat_mag_db": -4.041496174045471,
    "g_err": 0.9834384782126355,
    "p_err_rad": -0.0003951443139892671,
    "EST_SNR_DB": 100.0,
    "alpha_real": -1.6258847379033536,
    "alpha_imag": 2.802222964365892,
    "safety_flip": false,
    "P_rsi_before": 9999.964559627024,
    "P_rsi_after": 0.03866826493525233,
    "analog_supp_db": 54.12643775345842,
    "actual_suppression_db": 54.12643775345842,
    "est_noise_var": 1.0711382637651357e-06,
    "P_main": 0.9999999882479861,
    "noise_var": 0.003162277623005248,
    "SINR_pre_db": -39.99998603281703,
    "SINR_analog_db": 13.785064973122056
  }
}