{
  "backend": "None",
  "metric_mode": "symbol_fidelity",
  "SINR_analog": 8.996362854462706,
  "reference_power": 1.000000000001,
  "mse_clean": 0.12283573299646378,
  "nmse_clean_db": -9.1067527825916,
  "symbol_sinr_clean_db": 9.1067527825916,
  "corr_clean_abs": 0.9438113632729657,
  "corr_clean_angle_rad": 0.007577490111387284,
  "mse_noisy": 0.12283573299646378,
  "nmse_noisy_db": -9.1067527825916,
  "symbol_sinr_noisy_db": 9.1067527825916,
  "corr_noisy_abs": 0.9438113632729657,
  "corr_noisy_angle_rad": 0.007577490111387284,
  "mse_gain_db": 0.0,
  "symbol_gain_db": 0.0,
  "relative_mse_improvement_pct": 0.0,
  "SINR_after_digital": 9.1067527825916,
  "SINR_after_digital_physics": 8.996362854462706
}