{
  "backend": "MP",
  "metric_mode": "symbol_fidelity",
  "SINR_analog": 13.785064973122056,
  "reference_power": 1.000000000001,
  "mse_clean": 0.035709988325834274,
  "nmse_clean_db": -14.472102917737068,
  "symbol_sinr_clean_db": 14.472102917737066,
  "corr_clean_abs": 0.9825565119342213,
  "corr_clean_angle_rad": 0.0025010821854335352,
  "mse_noisy": 0.03866826742887497,
  "nmse_noisy_db": -14.126452864874516,
  "symbol_sinr_noisy_db": 14.126452864874516,
  "corr_noisy_abs": 0.9811819511376686,
  "corr_noisy_angle_rad": 0.007897624585640129,
  "mse_gain_db": 0.34565005286255324,
  "symbol_gain_db": 0.3456500528625508,
  "relative_mse_improvement_pct": 7.650405098717041,
  "SINR_after_digital": 14.472102917737066,
  "snr_db": 25.0,
  "Supp_analog": 53.78505100593908,
  "Digital_gain": 0.31853665429127,
  "Digital_gain_physics": 0.31853665429127,
  "Digital_supp_si": 0.3456500469393923,
  "SINR_after_digital_physics": 14.103601627413326,
  "Total_supp_SI_only": 54.13070105287847,
  "params": {
    "L": 5,
    "lambda": 0.01,
    "poly_orders": [
      1,
      3,
      5
    ],
    "fit_target": "si_oracle",
    "fit_window": "legacy",
    "fit_prefix_samples": 6655
  },
  "pilot_correction": null,
  "reference_mode": null,
  "reference_info": null
}