{
  "backend": "None",
  "metric_mode": "symbol_fidelity",
  "SINR_analog": 21.7278781460209,
  "reference_power": 1.000000000001,
  "mse_clean": 0.0035552920307964087,
  "nmse_clean_db": -24.49124720507866,
  "symbol_sinr_clean_db": 24.49124720507866,
  "corr_clean_abs": 0.9982283067805652,
  "corr_clean_angle_rad": 0.001289874855035654,
  "mse_noisy": 0.0035552920307964087,
  "nmse_noisy_db": -24.49124720507866,
  "symbol_sinr_noisy_db": 24.49124720507866,
  "corr_noisy_abs": 0.9982283067805652,
  "corr_noisy_angle_rad": 0.001289874855035654,
  "mse_gain_db": 0.0,
  "symbol_gain_db": 0.0,
  "relative_mse_improvement_pct": 0.0,
  "SINR_after_digital": 24.49124720507866,
  "SINR_after_digital_physics": 21.7278781460209
}