{
  "backend": "Diffusion",
  "metric_mode": "symbol_fidelity",
  "SINR_analog": 21.530735939785824,
  "reference_power": 1.000000000001,
  "mse_clean": 0.00425649993121624,
  "nmse_clean_db": -23.709473691885158,
  "symbol_sinr_clean_db": 23.709473691885158,
  "corr_clean_abs": 0.9978783321737895,
  "corr_clean_angle_rad": 0.0026949365126256574,
  "mse_noisy": 0.0038672543596476316,
  "nmse_noisy_db": -24.125972621681143,
  "symbol_sinr_noisy_db": 24.125972621681143,
  "corr_noisy_abs": 0.9980732704924183,
  "corr_noisy_angle_rad": 0.002494874035869731,
  "mse_gain_db": -0.4164989297959831,
  "symbol_gain_db": -0.4164989297959849,
  "relative_mse_improvement_pct": -10.065166013632036,
  "SINR_after_digital": 23.709473691885158,
  "SINR_after_digital_physics": null
}