{
  "rsi_scale": 4521,
  "run_tag": "precomp_diffusion",
  "local_img": "data/kodak/kodim12.png",
  "remote_img": "data/cat/cat6_center_square.png",
  "time_sec": 31.24062180519104,
  "sinr_pre": -30.00047872610682,
  "sinr_after_analog": 21.530735939785824,
  "sinr_after_digital": 23.709473691885158,
  "psnr": 37.39986041621385,
  "ms_ssim": 0.9793803095817566,
  "true_ms_ssim": 0.9930256009101868,
  "true_ms_ssim_db": 21.564932050035416,
  "ssim_proxy_db": 16.857178594529817,
  "protocol": "wsq_0506_cat6_resize128_square_remote",
  "target_sinr_pre": -30,
  "derived_rsi_scale": 4521
}