{
  "snr_db": 25.0,
  "rsi_scale": 452052.0,
  "SINR_pre": -50.0000040111905,
  "SINR_analog": 4.091062018827379,
  "Supp_analog": 54.09106603001788,
  "noise_var": 0.003162277623005248,
  "P_main": 0.9999999882479861,
  "amp_scale": 1.0,
  "analog_sic_info": {
    "mode": "realistic_asic_postpa",
    "ASIC_L": 9,
    "ASIC_P": 7,
    "ASIC_P_use": 7,
    "ASIC_NSYM": 1700,
    "BO_DB": 0.0,
    "enable_pa_nonlinearity": true,
    "AUX_DISABLE_IQPA": false,
    "ASIC_FORCE_LINEAR_WHEN_PA_OFF": true,
    "h_aux_flat_mag_db": -4.041496174045471,
    "g_err": 0.9834384782126355,
    "p_err_rad": -0.0003951443139892671,
    "EST_SNR_DB": 100.0,
    "alpha_real": -1.6258847379033525,
    "alpha_imag": 2.8022229643658907,
    "safety_flip": false,
    "P_rsi_before": 100000.0880236371,
    "P_rsi_after": 0.3866843601566428,
    "analog_supp_db": 54.1264377533664,
    "actual_suppression_db": 54.1264377533664,
    "est_noise_var": 1.0711430027907468e-05,
    "P_main": 0.9999999882479861,
    "noise_var": 0.003162277623005248,
    "SINR_pre_db": -50.0000040111905,
    "SINR_analog_db": 4.091062018827379
  }
}