{
  "snr_db": 25.0,
  "rsi_scale": 9876.0,
  "SINR_pre": -35.00002524021058,
  "SINR_analog": 18.414766690741093,
  "Supp_analog": 53.41479193095168,
  "noise_var": 0.0031622776454887165,
  "P_main": 0.9999999953578831,
  "amp_scale": 1.0,
  "analog_sic_info": {
    "mode": "realistic_asic_postpa",
    "ASIC_L": 9,
    "ASIC_P": 7,
    "ASIC_P_use": 7,
    "ASIC_NSYM": 1700,
    "BO_DB": 0.0,
    "enable_pa_nonlinearity": true,
    "AUX_DISABLE_IQPA": false,
    "ASIC_FORCE_LINEAR_WHEN_PA_OFF": true,
    "h_aux_flat_mag_db": -4.041496174045471,
    "g_err": 0.9834384782126355,
    "p_err_rad": -0.0003951443139892671,
    "EST_SNR_DB": 100.0,
    "alpha_real": -1.6244632164718191,
    "alpha_imag": 2.801554095823841,
    "safety_flip": false,
    "P_rsi_before": 3162.292861705147,
    "P_rsi_after": 0.011243056244632316,
    "analog_supp_db": 54.49117704437196,
    "actual_suppression_db": 54.49117704437196,
    "est_noise_var": 4.1634228117853125e-07,
    "P_main": 0.9999999953578831,
    "noise_var": 0.0031622776454887165,
    "SINR_pre_db": -35.00002524021058,
    "SINR_analog_db": 18.414766690741093
  }
}