{
  "rsi_scale": 9876,
  "run_tag": "precomp_diffusion",
  "local_img": "data/kodak/kodim01.png",
  "remote_img": "data/kodak/kodim24.png",
  "time_sec": 32.89192795753479,
  "sinr_pre": -35.00002524021058,
  "sinr_after_analog": 18.414766690741093,
  "sinr_after_digital": 19.070185803520488,
  "psnr": 34.15991355261484,
  "ms_ssim": 0.9709186553955078,
  "true_ms_ssim": 0.9920713305473328,
  "true_ms_ssim_db": 21.00799687568604,
  "ssim_proxy_db": 15.363855173174274,
  "protocol": "wint_0506_realistic_default",
  "target_sinr_pre": -35,
  "derived_rsi_scale": 9876
}