{
  "rsi_scale": 117577,
  "run_tag": "precomp_digital",
  "local_img": "data/kodak/kodim01.png",
  "remote_img": "data/kodak/kodim24.png",
  "time_sec": 24.61822009086609,
  "sinr_pre": -44.99998893066251,
  "sinr_after_analog": 8.452051383543079,
  "sinr_after_digital": 9.100953500860593,
  "psnr": 29.26126950674101,
  "ms_ssim": 0.9064543843269348,
  "true_ms_ssim": 0.9736880660057068,
  "true_ms_ssim_db": 15.798472289883916,
  "ssim_proxy_db": 10.289765623447805,
  "protocol": "wint_0506_realistic_default",
  "target_sinr_pre": -45,
  "derived_rsi_scale": 117577
}